话题,详细内容,备注补充内容,,,,,,,,,,,
市面上大多数品牌使用的板材品牌名称,尚品全屋定制：康净板,,,,,,,,,,,,
市面上大多数品牌使用的板材品牌名称,维意全屋定制：蝶态板,,,,,,,,,,,,
市面上大多数品牌使用的板材品牌名称,欧派全屋定制：爱芯板,,,,,,,,,,,,
市面上大多数品牌使用的板材品牌名称,索菲亚全屋定制：康纯板,,,,,,,,,,,,
市面上大多数品牌使用的板材品牌名称,百得胜全屋定制：纯享板,,,,,,,,,,,,
市面上大多数品牌使用的板材品牌名称,玛格全屋定制：林醛板,,,,,,,,,,,,
市面上大多数品牌使用的板材品牌名称,顶固全屋定制：竹香板,,,,,,,,,,,,
市面上大多数品牌使用的板材品牌名称,我乐全屋定制：乐芯板,,,,,,,,,,,,
市面上大多数品牌使用的板材品牌名称,好莱客全屋定制：原态板,,,,,,,,,,,,
市面上大多数品牌使用的板材品牌名称,金牌全屋定制：纯芯板,,,,,,,,,,,,
市面上大多数品牌使用的板材品牌名称,冠特全屋定制：除醛板,,,,,,,,,,,,
市面上大多数品牌使用的板材品牌名称,顾家全屋定制：环保7号板,,,,,,,,,,,,
市面上大多数品牌使用的板材品牌名称,诗尼曼全屋定制：禾香板,,,,,,,,,,,,
市面上大多数品牌使用的板材品牌名称,艾依格全屋定制：爱康板,,,,,,,,,,,,
市面上大多数品牌使用的板材品牌名称,百得胜全屋定制：木香板,,,,,,,,,,,,
市面上大多数品牌使用的板材品牌名称,拉米全屋定制：生态奥松板,,,,,,,,,,,,
市面上大多数品牌使用的板材品牌名称,全友全屋定制：绿色生态板,,,,,,,,,,,,
市面上大多数品牌使用的板材品牌名称,依恋全屋定制：净纯板,,,,,,,,,,,,
全屋定制的优缺点,全屋定制家具是家居整体化解决方案居室面积和形状决定定制家具的选择，具体的房型确定具体产品的种类和大小。根据入户实地测量尺寸精准定制，安装组合不受尺寸限制，整体性高。,,,,,,,,,,,,
全屋定制的优缺点,全屋定制家具注重个性功能需求在设计的过程中和消费者实时沟通，消费者可根据个人爱好提出一些特定要求，如颜色组合、材质搭配、人性化收纳等，可结合用户的生活习惯满足消费者的个性需求。,,,,,,,,,,,,
全屋定制的优缺点,全屋定制满足用户体验设计和交互设计在前期设计方案阶段，设计师会将设计图和渲染图直接发给客户，经过这样的沟通了解，可以让客户更好的把握整体设计风格。,,,,,,,,,,,,
全屋定制的优缺点,全屋定制可以空间利用最大化，居高不下的房价，使得中小户型成为房产市场的主力军。定制家具，既可以合理利用家中的各种空间，解决物品摆放杂乱的困扰，又能够和整个家居环境相匹配。合理的路径规划，让各个分区相对独立又和谐归一。,,,,,,,,,,,,
全屋定制的优缺点,全屋定制房间可里的每一套家具都是独立制作，单独定制，从细微处体现出依据个人品味设计的独特魅力,,,,,,,,,,,,
全屋定制的优缺点,全屋定制整个房间里的主题都是统一的，一个大的格调让房间设计起来能做到随心所欲不逾矩。,,,,,,,,,,,,
全屋定制的优缺点,全屋定制在健康和环保方面，在选材和制作的过程中，严格做好环保关，真正的做到绿色家具。,,,,,,,,,,,,
全屋定制的优缺点,全屋定制在个性化上有更高的要求，这是全屋定制的核心部分，在设计的过程中，消费者处于主体地位，设计师是主导者，也就是说，真正的设计师，还是消费者自己，设计出来的家具，完全符合消费者个人风格和生活品味。,,,,,,,,,,,,
全屋定制的优缺点,全屋定制家居设计及定制、安装等服务为一体的家居定制解决方案，在大规模生产的基础上，根据消费者设计要求来制造专属家居。家具不仅是一种实用品，更代表了一种生活态度。全屋定制家具越来越受到消费者的认可。定制家具，既可以合理利用家中的各种空间，又能够和整个家居环境相匹配。如整体衣柜定制，可以将衣柜嵌入墙内，配上适宜的推拉门，衣柜就和整个装修风格浑然一体。全屋定制还要选择品牌的，不管是从工艺还是品质、售后等方面都是有保障的。,,,,,,,,,,,,
全屋定制的优缺点,全屋定制家具的最大缺点就是不能及时拿到家具产品，而且必须提前预定其生产周期一般都要用月来计算。装修过程中往往是定制产品会占有极大的等待时间，定制产品越多，种类越复杂，时间越久，可能装修完了通风完了，这些家具还没进场。,,,,,,,,,,,,
全屋定制的优缺点,全屋定制产品质量参差不齐，选择商家品牌尤其重要，比如现场安装时的收口细节处理，因为安装是在装修后期，安装师傅是否细心对其他墙面顶面的保护，容易碰花挂彩，造成墙面二次处理。,,,,,,,,,,,,
全屋定制的优缺点,全屋定制性价比略低，全屋定制对于现在大家的生活节奏来说是更加方便了，但是在性价比上，同等材质的，现场制作家具肯定会更加便宜一些。,,,,,,,,,,,,
全屋定制的优缺点,全屋定制部分五金可能需要另付钱。虽然一个五金件不贵，但是所需数量多，就需要成百上千的额外开支！,,,,,,,,,,,,
全屋定制的优缺点,全屋定制可能出现板材货不对版。因为板子切割并封边密封好直接安装，很难看清内部结构。比如大芯板会给你换成密度板、颗粒板或其他板材，所以为防万一最好在合同订单注明具体板材。,,,,,,,,,,,,
全屋定制的优缺点,全屋定制尺寸不精准。成品可能缝隙太大，门板对不上，难以严丝合缝，细节处理不好等。,,,,,,,,,,,,
全屋定制的优缺点,全屋定制背板上偷工减料。背板因为紧贴墙体我们看不见，就很容易减料。比如要求装厚背板或者默认是后背板，结果成品是薄背板，薄背板又需要加固，加固又需要算钱加钱。,,,,,,,,,,,,
全屋定制的优缺点,全屋定制计价方式的选择。定制家具一般计价方式有两种，一种是按投影面积，另一种是按展开面积。按投影面积和展开面积会有差距，如果家里的定制功能很多很复杂，建议选择按投影面积来计价，如果定制的东西少，功能比较简单，建议用展开面积计价。比如一个衣柜和一张书桌都是用投影面积来计价，两者面积差不多但是用料可就差很多，一般按投影面积计算的商家都会引导我们一切从简，能省隔板就省隔板，这样就吃亏了。,,,,,,,,,,,,
全屋定制的优缺点,全屋定制所有尺寸是在前期规划好的，所有尺寸细节分化更细致，可以合理利用空间。可以把空间利用率发挥到极致。,,,,,,,,,,,,
全屋定制的优缺点,全屋定制个性化定制，风格统一颜值高 。家具设计专业化、风格多样化全屋家具注重细节的设计和搭配，品质感更高，全屋定制在强调个性化与功能性的基础上，加入了更多的自主创意与特色，可以充分体现主人的身份地位与生活品位、文化涵养，表达了一种生活态度。,,,,,,,,,,,,
全屋定制的优缺点,全屋定制一站式服务，省心省力省时。除了在前期需要讨论方案，具体功能就行，后期不用和工人对接，节省时间。,,,,,,,,,,,,
全屋定制的优缺点,全屋定制售后基本无忧，家中定制产品为统一定制那么一旦后期出现问题，处理起来也会更加高效，可以直接联系对应的商家。,,,,,,,,,,,,
实木家具和板材家具,"颜值不同
实木家具用最原始的材料，木纹、色泽、光感，每一件都不尽相同，充满自然的韵味
板材家具有多种贴面，颜色和质地给人各种不同感受，呈现的风格样式更加多元化",,,,,,,,,,,,
实木家具和板材家具,"耐用度不同
实木家具使用的时间很长，非常耐用，在岁月的沉淀中换色，让人回味无穷。
板材家具一般都是人工加工出来的人造板。因其材料原因，使用寿命相对不会很长",,,,,,,,,,,,
实木家具和板材家具,"品质不同
实木做成的家具，表面有天然木材的纹理，而且制作出的家具无论从工艺，结构，质感等方面，都是精湛的。
板材家具的品质，主要根据所选用的材料决定，好的材料品质上也会更有保障",,,,,,,,,,,,
实木家具和板材家具,"情怀不同
实木家具能让家满载岁月的痕迹。随着时间流逝，实木家具一直陪伴着，用心感受岁月静好的模样。
板材家具在外观上偏向于现代时尚的节奏，在情感上，难以引起共鸣。",,,,,,,,,,,,
实木家具和板材家具,"纹理不同
实木家具自然的纹理，多变的形态，天然的色泽处流露自然之美
板式家具因为采用的是一条条的贴面，因此花纹上会有重复感，也就缺乏自然的变化性。",,,,,,,,,,,,
实木家具和板材家具,"环保性不同
实木家具的材料有着天然、环保、无污染的特点，这种健康的木色有种自然和原始的美感。
而现在板材家具中无醛板材崛起，也更加健康环保。",,,,,,,,,,,,
实木家具和板材家具,实木家具独具情怀，颜值高，板材家具价格低，风格可变性高。具体怎么选择还是一句看个人偏好和价格预算,,,,,,,,,,,,
实木家具和板材家具,我们关注的甲醛和环保问题，主要来源就是人造板生产所使用的胶黏剂，一般来说，人造板肯定比实木要不环保。但除了人造板基材生产，在后续的板材饰面加工过程中，也还使用到胶黏剂和油漆等，也会产生甲醛和笨类等污染，也就是说，纯实木的木作产品，也不绝对环保。另外要说明，天然木材中，本来就含有甲醛等污染物，所谓的零醛板材，也是一种炒作。,,,,,,,,,,,,
实木家具和板材家具,至于是否非要买纯实木（从里到外），其实那真没必要。不差钱单说。同样规格尺寸的人造板家具和真正纯实木家具，价差十倍以上也是正常的，还不是啥好树种。,,,,,,,,,,,,
实木家具和板材家具,纯实木板材产品，基本就是清油油漆处理了。,,,,,,,,,,,,
木工打柜子,大家为什么选择木工打柜子呢？自己买的板材，对质量和环保放心，感觉木工现场打柜子更省钱,,,,,,,,,,,,
木工打柜子,"木工往往使用指接生态板，更好加工，虽然生态板用胶量少是事实，但是少不代表环保，
有些板材厂为了降低成本使用环保不达标的胶水一样会带来甲醛超标的风险。",,,,,,,,,,,,
木工打柜子,认为自己购买的板材质量更好，环保等级更高？,,,,,,,,,,,,
木工打柜子,"本地工厂,板材种类、颜色，选择更加丰富，普遍环保等级E1以上，也有不少ENF级板材，质量和环保都更有保障。工厂已经全面升级了PUR封边，很多现场打柜子用一段时间后封边条脱落的，但由工厂加工处理的封边条也不易脱落，一定程度上减少了甲醛的危害。",,,,,,,,,,,,
木工打柜子,【选木工】：板材、五金都自己买，人工运输成本高，采买中需要多备一点材料，以防不够，没有售后保障。,,,,,,,,,,,,
木工打柜子,【选本地工厂】：大型自动化设备的辅助，把每个人的效率提高了3倍以上，同样多的柜子，工厂需要的人工成本比自己请木工师傅在家里打柜子低的多。以及板材成本，工厂因为是大批量采购板材，同样的板材价格自然也会更低，工厂售后也更有保障。,,,,,,,,,,,,
木工打柜子,【选木工】：简单的进行柜体分区划分，只能做基础柜。,,,,,,,,,,,,
木工打柜子,【选本地工厂】：工厂做全屋定制可以先量尺设计，不管是颜色搭配、尺寸比例，都可以先通过设计图纸进行沟通和确认。同时，工厂全屋定制可以选择的门板款式，五金配件更加丰富，可以做出任何你想要的效果。,,,,,,,,,,,,
木工打柜子,如果对家里的柜体要求较低，且个人比较有时间跑市场买材料的话，可以选择木工打柜子；,,,,,,,,,,,,
木工打柜子,如果是对整体有要求的话，无论是从颜值、性价比，还是环保质量，选本地的全屋定制工厂都是很推荐的！,,,,,,,,,,,,
木工打柜子,木工打柜子是木工在现场根据实际尺寸进行板材切割、拼装及喷漆；,,,,,,,,,,,,
木工打柜子,全屋定制是工业化制作，根据设计图纸在工厂中进行切割、拼装及喷漆。,,,,,,,,,,,,
木工打柜子,【全屋定制优势】：制作尺寸精细，开孔更精准；在工厂制作，避免屋内切割产生粉尘；工厂内完成油漆工序；板材在工厂内封边，现场切割较少，减少有害气体挥发；安装周期短、方便快捷。,,,,,,,,,,,,
木工打柜子,劣势：价格相比木工现场打柜子要高；在工厂加工周期相对现场打柜子要长；板材的颜色需要在固定颜色中选择。,,,,,,,,,,,,
木工打柜子,【木工现场打柜子】优势：价格相对全屋定制要低；加工周期短；色彩及木纹都可定制。,,,,,,,,,,,,
木工打柜子,劣势：污染较大，不够环保；板材都是现场切割，无封边，有害气体陆续散发；制作精细度不如工厂加工。,,,,,,,,,,,,
EVA封边/热熔封边,通过加热施胶，一般会使用pur封边双倍的胶水，容易溢胶，遇到高温容易开裂，所以不建议厨房使用。热塑性，物理反应，可逆。,,,,,,,,,,,,
EVA封边/热熔封边,1、容易受温度影响 2、用胶量大3、容易开裂和溢胶4、耐用性差5、有明显胶线6、环保度/平整度/美观度比较差7、胶线在长期使用中容易发黄积灰变黑，对浅色板材来说，质感会大打折扣！,,,,,,,,,,,,
EVA封边/热熔封边,市场现状：人们常把Eva封边记成Pvc封边，总之就是三个封边中最差，但也是现在大部分工厂使用的封边技术，近几十年就是一直是以这种封边为主。市面上99%的柜体是热熔封边，80%的柜门是热熔封边，pur和激光只占少数。关于热熔封边的环保，取决于厂家的生产规范和用胶质量，但这一点又是客户很难把控的。,,,,,,,,,,,,
EVA封边/热熔封边,"设备：普通封边机
低工作温度：180到210摄氏度（敞开式）
胶水价格：10到30元每公斤涂胶量：200到300克每平方米
封边质量：差强度：60到100VOC排放量：100到200克每升耐性：
胶线较厚（0.1到0.2 MM）耐水性、耐候性、耐热性、耐溶剂均较差，黄色1到2年",,,,,,,,,,,,
pur封边,现在pur胶，采用的是德国的pur胶水，主要是靠湿气固化，不易受温度影响导致开裂，美观度仅次于激光封边。,,,,,,,,,,,,
pur封边,1、pur即湿气反应性热溶胶，加热后会和空气里的湿气反应，吸收空气中的水分进行固化2、不可逆，也就说的加热也不会融化。3、相对施胶量小4、耐热耐寒，耐水蒸气，耐化学品和耐溶剂。包覆的线板能在 -40°—150°保持稳定！,,,,,,,,,,,,
pur封边,市场现状：以成都的工厂为例，现在使用pur封边的工厂是极少数，主要还是Eva封边为主。不过随着市场的更新迭代，和大众对生活品质的提高，pur封边会逐步普及。,,,,,,,,,,,,
pur封边,"封边原理：反应性聚氨酯，交联化学反应，不可逆
设备：PUR溶胶系统+高配封边机设备投资：较高
工作温度：130到150摄氏度（半场开）
胶水价格：55到75元每公斤
涂胶量：70到150克每平方米封边质量强度：高（大于140N）
VOC排放量：小于100克每升
耐性：胶线很细（0.03到0.05毫米）耐水性，耐候性，耐热性、耐溶剂很好，耐变黄5到10年",,,,,,,,,,,,
pur封边,pur封边存在胶线，需要多一道人工程序就是修边。,,,,,,,,,,,,
激光封边,通过特殊的封边带，封边条含活化涂层，无胶水，背后自带“激光光敏活化物质”，在激光瞬间高温过后，涂层活化，达到类似“焊接”的状态。但是涂层与板材的焊接剥离强度高于涂层与封边带的剥离强度，也就是说，哪怕人为让封边带掉了，这个涂层还是会牢牢“焊死”在板材上。,,,,,,,,,,,,
激光封边,特点：平整美观、饱和度高，环保耐用，防水性强，环保无胶水挥发，使用寿命长。,,,,,,,,,,,,
激光封边,市场现状：中国用激光封边的厂家一双手就能数过来，因为一台德国豪迈的封边机，需要400万基础成本的投入，提前预定半年左右，还需要场地改造，封边带囤货，所以一个工厂想要实现激光封边的技术，前期投入需要700万现金流打底。这并不是随便一个品牌或工厂能安排上的，基本上都是部分进口板材在用，好马配好鞍，就是这个道理。,,,,,,,,,,,,
激光封边,"封边原理：热塑性物理反应
可逆设备：激光发生器+高配封边机设备投资：很高
工作温度：500到800摄氏度（密封）
胶水价格：0涂胶量：0封边质量：最高强度：中（100到130N）
VOC排放量：暂无相关数据
耐性：初期无胶线，耐水性、耐候性、耐热性、耐溶剂性较好，耐黄变5到10年新趋势（钻石封边、六面无痕封边）",,,,,,,,,,,,
激光封边,激光封边没有使用胶的原因，不会有胶线，封边与板材是很直接的连接在一起。,,,,,,,,,,,,
激光封边,常规家装没必要过分追求激光封边。,,,,,,,,,,,,
封边材料,PVC、ABS、PP、PMMA木皮、实木条、HPL等,,,,,,,,,,,,
封边设备,手动封边机、自动封边机、直线封边机、斜边封边机、曲线封边机、热熔胶封边机、激光封边机等,,,,,,,,,,,,
封边市场情况,国产板材EVA封边、爱格木纹PUR封边、文信激光封边亚克力、德国瑞好钻石封边、克诺斯邦无缝亚克力,,,,,,,,,,,,
环保标准,板材的环保标准等级常见的主要是欧标，新国标，日本f4星等，比如爱格板，它的真实环保是按照欧标e1来执行的，欧标中是没有e0标准的，而欧标最初也是由爱格来制定的，只有e1和e2。,,,,,,,,,,,,
环保标准,爱格实际也达到了日本f4星，所以商家一般会宣传f4星，显得更直观高级，而欧标e1就容易让人当成和国内e1差不多,,,,,,,,,,,,
环保标准,新国标有三个档位，e1，e0，enf，其中甲醛释放量e1最高，enf最低，甚至比日本f4星还要低，但考虑到检测方法不同，暂时认为打个平手,,,,,,,,,,,,
环保标准,个人认为F4星考虑得更全面，因为ENF它只是在甲醛方面做了极限的规定，的确等级要比F4星还要高，可是他忽略忽略了苯系挥发物和TVOC挥发物，其实苯系和TVOC呢 也是致癌的强致癌物,,,,,,,,,,,,
环保标准,所以选择板材的时候 建议多看一些，当然ENF也是非常很好的板材，我们要看更多的指标，而不是只关注于甲醛。,,,,,,,,,,,,
环保标准,E1已经是国产板材的最低标准，环保最差，除非预算特别有限，否则不能选，而低于e1的板材甚至是不允许生产的。,,,,,,,,,,,,
环保标准,淘宝上的很多很多商家还在拿E1标准作为环保宣传，下面加了个国际，就想往欧标上靠，坑你没商量，而且用E1板材是淘宝家具的常见做法，也是常见宣传，导致几个月前我看电视柜的时候甚至找不到e0的,,,,,,,,,,,,
环保标准,家居城里的成品家具，也大多是e1最低标准的，所以才那么大的味道，但成品家具可能放的比较久了，甲醛又会低上一点,,,,,,,,,,,,
环保标准,所有的检测都是通过一块板子来检测的，实际制成家具后，会由于板材密集程度更大而环保超标。所以尽量还是选e0以上的,,,,,,,,,,,,
环保标准, E1/E0的即便达到国家环保标准，也不建议过多使用。一个房间内放一张甲醛释放为0.12mg/m³的板材也许影响不大，但是放10张、20张效果是不同,,,,,,,,,,,,
环保标准,使用E1/E0做家具，建议选择双饰面，且注意检查封边是否完好。完好的封边、贴面能很大程度的减少甲醛的释放量。虽然甲醛被封闭在板材内部，释放时长可能更长，但是量会小很多；,,,,,,,,,,,,
环保标准,尽可能使用无醛环保板材； 家具定制，要美观，更要环保无醛板,,,,,,,,,,,,
环保标准,至于同为e0或者f4星的板材，我们可以认为他们完全相同，不用考虑是多层实木还是生态板还是颗粒板，预算有限就国产正规厂家的e0，比如新飞林，翡丽，大亚，千年舟，兔宝宝这些常见的，充足就进口f4精板，比如克诺斯邦精板,,,,,,,,,,,,
环保标准,想和大家直接讲一句话：百分百无醛是不可能的！毕竟甲醛无处不在。,,,,,,,,,,,,
环保标准,其实在购买的时候真的不要看商家的口号，只要认准像西德板一样，符合欧盟标准的同时，还能达到日本4星标准，国内E1级证书也有的板材，就已经足够满足你的需求了，不要额外缴纳过贵的智商税。,,,,,,,,,,,,
环保标准,即便是行业内有人吹嘘的无醛板，严格意义上，应该叫无醛添加板。这种无醛添加板，不是指板材本身完全不含甲醛，而是指在板材的加工过程中，没有人为添加含甲醛的酚醛树脂和脲醛树脂等传统胶水，通过技术和材料的提升让板材甲醛的释放量无限趋近于零。,,,,,,,,,,,,
环保标准,两种方法所以使用单位不一样。对样品大小的规定也不一样。,,,,,,,,,,,,
环保标准,"1、旧国标
E1≤0.124mg/㎡°，旧国标没有E0，只有E1.
2、新国标
E1≤0.124mg/m³
E0≤0.050mg/m³
ENF≤0.025mg/m³(目前是全球最高标准了）
新国标在2021年10月1日后开始实施。","气候箱检测（单位mg/m°）：取使用1m°的气候箱，或大于22㎡的气候室。箱子的内部环境日常生活的室内环境保持一致，然后把1立方米的板材样品放进去。每隔同样一段时间，用蒸馏水吸收甲醛，再测定甲醛含量。
在国内检测，是工厂或品牌方将产品样本送至中国质量监督局(含省市级\地级)，检测报告仅对送检样本负责。",,,,,,,,,,,
环保标准,"欧标
E1≤0.124mg/m³
国标E1和欧标E1要求一致。",,,,,,,,,,,,
环保标准,"日本F星级别
F1星≤5mg/L
F2星≤1.5mg/L
F3星≤0.5mg/L
F4星≤0.3mg/L","干燥器（单位mg/L）：取干燥器，干燥器内环境要和日常生活的室内环境保持一致。取一块样品放进9-11L或40L的干燥器，等24小时之后，用蒸馏水吸收甲醛，再测定甲醛含量。
日本的F4星规定了生产全流程的控制，多次抽检多处把关。检测面积是国内10倍，监测温度是国内的3倍。",,,,,,,,,,,
环保标准,在这里说一个点，日本的整个体系不仅是这个不仅是对甲醛的要求，还是对工厂整个生产体系进行环保认证：原材料、生产工艺、成品的各个环节。,,,,,,,,,,,,
环保标准,在国外是抽检，抽到哪个监测哪个，随机性好。,,,,,,,,,,,,
环保标准,"走了一圈遇到很多商家声称自己是F4，国内大多商家宣称的F4星并无认证,仅为送样检测达到了F4标准,利用客户知识盲区去渲染。真的F4需要拿到日本JAS认证，即日本农林机构认证才可。",,,,,,,,,,,,
爱格板的优势,爱格板无疑是当前国内知名度最高、最受欢迎的进口板材，也正是因为其受欢迎程度，市场上真假爱格板鱼龙混杂，相信没人愿意花着爱格板的钱买到假的爱格,"静曲强度
确定试件在最大载荷作用时的弯矩和抗弯截面模量之比。以人造板为例，当人造板受力后就会造成一定的弯曲，这种情况，就叫“静曲”。“静曲强度”就是人造板在受力弯曲到断裂时它所能承受的压力强度，用Mpa来表示。
K林木业：15.9；F人板：16.7 ； KN斯邦：13.0；A格：17.2
",,,,,,,,,,,
爱格板的优势,国际一线，一直以来十分爱惜羽毛，从不走低端路线，只卖精华，同时拥有顶级设计资源，外观高级。作为最早进入国内的国际大牌，人气最高，公关团队很厉害，黑料主要是对家放的说她血统不纯，以及用边角料做填充。最大的烦恼是太红了，分身乏术，盗版过多。,"握螺钉力
简单来说就是检验板材连接件之间是否牢固，关系到钉子进入板材后，钉子是否容易固定钉孔，是否容易松动脱落。如果是握钉力好的板材，对钉子的固定力就强，钉子不易脱落，反之，固定力就差，容易脱落。
一般来说，握钉力强的板材，制成的家具柜会越牢固，寿命也会越长。而握钉力的强弱则取决于板材的木种、密度、含水率、硬度、弹性、纹理方向、施胶量、生产工艺、钉子形状、钉子与木材接触面的大小，以及环境条件等。握钉力的大小是判断板材是否优质的重要标准之一。规定的标准是：≥900
KN木业：1393，F人板：1233，KN斯邦：1110，A格：1533
爱格门板主要做门板，中国很少做柜体
爱格板工艺：激光封边、PUR封边",,,,,,,,,,,
爱格板的优势,国内知名度top，价格也很高，花色300多种，颜色出众所以很多人都冲着它的花色去的。但是基材原料上在其他进口板中属于一般吧！爱格在国内一般是6个授权商还有一个文信，部分是直接拿货，就是因为爱格很受欢迎所以有不少商家去高仿！,"2H吸水膨胀率
准确来说应该是吸水厚度膨胀率，是按标准规定的方法，截取一定量的试样浸入水中，浸泡2H后，测得的吸水前后厚度差与浸水前厚度之比，也就是颗粒板在湿度很高的环境下能否正常使用，定下来的标准是≤8.0%。
特别是比较潮湿的南方区域客户，是不是经常听到颗粒板防潮性不好的说法？但又没有确切的证据，只能搞的自己都人云亦云了。这个数据的作用就是看你家的柜子防潮性能怎么样！
K林木业：2.0，F人板：0.2，KN斯邦：4.4，A格：0.1",,,,,,,,,,,
爱格板的优势,人工制造的板材，它的主要成分是天然的针叶树种，爱格板具有耐高温、耐腐蚀、抗刻划、比较容易清洗等特点，所以在平常使用时，用微湿的抹布轻轻擦抹，即可除去表面的灰尘和污痕。,,,,,,,,,,,,
爱格板的优势,爱格在国内大概有近150种颜色，不过很多厂家为库存考虑，不会全部上样，能有50-60种就不错了。,,,,,,,,,,,,
爱格板的优势,爱格还是可以的，来自奥地利，日本F4星级环保标准（目前最高的环保标准）。但国内市场假的也比较多。还有一种爱格板，说是进口的，但只是进口国外的素板，表面饰面到国内压贴，这种就是假的。,,,,,,,,,,,,
爱格板的优势,爱格算是国内知名度最高的进口板材了，比克诺斯帮进入国内要早。国内有不少品牌在用，但品牌商在店内一般不会强调板材，只会介绍各自品牌。,,,,,,,,,,,,
爱格板的优势,仿木纹系列，手感没有可丽芙的好，价格比可丽芙便宜，也属于国内上等的了。,,,,,,,,,,,,
爱格板的优势,真的爱格板确实不错，价格比可丽芙便宜，属实是好东西。但购买时一定擦亮眼睛。爱格公司是纯正的板材企业，类似国内的兔宝宝。如果能购买到正品的爱格板，本人推荐爱格的颗粒板,,,,,,,,,,,,
爱格板的优势,"爱格热门色号：
U702羊绒灰、W1000至尊白、H1377原木色、U960玛瑙灰",,,,,,,,,,,,
爱格板的优势,"爱格板达到日本F4星的环保标准，这个标准仍然是全球环保最严格的标准之一，爱格板的检测结果非常稳定，0.2mg/L，这个是什么意思呢？日本F4星环保标准是没有使用面积限制的，全屋用爱格板做再多的柜子也不用担心柜子的甲醛超标问题，也就是用爱格板做全屋的柜子已经能确保全家人的健康了，这点是毋庸置疑的。对于老外来说，爱格板在环保问题上已经完全没有问题了，为什么还要去花时间花精力花金钱去弄什么MDI胶，做什么无醛板呢？也可以换一种说法，用MDI胶做无醛板的目的是什么，就是为了要让柜子环保，让消费者不要因为柜子的环保问题而得病，爱格板说：几十年前我已经达到这个目的了。
无醛板的饰面属于有醛添加，无醛板大多数是国产的基材在国内贴的饰面，而爱格板是整板进口，在欧洲出工厂已经贴好了饰面，就贴饰面这一层来说，爱格板还是站的很稳。",,,,,,,,,,,,
爱格板的优势,真正的爱格都是原装进口的，国内裁切和封边，爱格材质本身来自北欧寒带的针叶树 质地结实。,,,,,,,,,,,,
爱格板的优势,现在流行的一门到顶推荐用爱格，且不用加拉直器。环保性也会较好,,,,,,,,,,,,
爱格板的优势,今年市面上爱格板越来越火，都看重了爱格的环保和花色，导致今年年中出现了一波断货潮，太火,,,,,,,,,,,,
爱格板的优势,爱格板在进口板中地位也是特别高的，不管是销量还是客户认可度，目前没有任何一款进口品牌可以超越，目前国内做的好的进口板有爱格板，克洛斯邦，瑞好，飞德莱，赛洛森，芬萨等， 爱格板毋庸置疑是首选,,,,,,,,,,,,
爱格板的优势,握螺钉力，吸水膨胀率，静曲强度等等，只有所有特性都是保持顶级的，才能说是顶级的板材，不可否认的是爱格板的检测数据是行业内顶级的,,,,,,,,,,,,
爱格板的优势,爱格（F****级）板材的甲醛释放量符合日本JIS A 1460标准，按干燥器法检测，每一升水中的平均甲醛含量为0.3毫克（极值为0.4毫克）。如今爱格板已经成为进口环保板材的代名词，并承诺100%欧洲原装进口！,,,,,,,,,,,,
爱格板的优势,爱格板基材：颗粒板（天然原木经切剖、粉碎、高温高压制成的一种更适合家具加工生产和使用的板材）,,,,,,,,,,,,
爱格板的优势,"板材尺寸： 2070*2800，可以做2800以内一门到顶的柜子和门板，而且抗变形能力强。爱格板稳定性强，爱格板最长可做到5600mm,抗变形性能极其优越，可用于制造超大跨距的书柜、衣柜、橱柜等产品。",,,,,,,,,,,,
爱格板的优势,花色独一无二，选择爱格板的很多人都是喜欢它的花色质感。,,,,,,,,,,,,
爱格板的优势,爱格板执行的是日本F☆☆☆☆环保标准，甲醛释放量低于国产板材。,,,,,,,,,,,,
爱格板真伪,"爱格板授权查询
现在官网上都是可以查到授权的，北京瑞原爱格装饰材料有限公司是欧洲爱格板材的总代理，是不是真爱格一查便知，目前爱依瑞斯、博诺尼、意风、飞美、MHOZZ美豪斯、KD、德耐尔等等这些耳熟能详的品牌都有爱格板授权。
想知道自己选的品牌有没有授权，点开它的官网一看便知了。比较知名的品牌，意风、飞美、博洛尼、爱依瑞斯、非同、KD、德耐尔、盛邦、柏辉、大成克罗尼等等，大家熟悉的品牌，基本上都有爱格板材的使用授权的。",,,,,,,,,,,,
爱格板真伪,爱格板在中国没有生产，凡是号称国产爱格板的都是假货！,,,,,,,,,,,,
爱格板真伪,爱格板只有W980白色板在背面有 EGGER 英文 Logo ，其他颜色板子后面有 Logo 的都是假货！,,,,,,,,,,,,
爱格板真伪,爱格板为实木颗粒板，没有多层板和实木芯板，如果这二种基材号称爱格板则为假货！,,,,,,,,,,,,
爱格板真伪,爱格有自己的封边条厂，封边条面上没有爱格的 logo ，有 logo 的是假货！,,,,,,,,,,,,
爱格板真伪,爱格板规格为2.8mx2.07m，可以做高2.78米的柜门，如果说最高只能做2.4m的柜门则为假货！,,,,,,,,,,,,
爱格板真伪,".查授权
· 这是分辨爱格板真伪的重要一步。爱格对授权者的实力、面积等均有严格的要求，是不会滥发授权的
· 查询流程：爱格官网——授权经销商——授权商家
· 图2是以为我们家为例，为大家展示的整个查询流程，附查询链接
· 如果查询不到，需要多加留意，可以拨打授权经销商进一步核实",,,,,,,,,,,,
爱格板真伪,"看授权书
· 线下门店查看它的授权书，如图3
· 记着正规的爱格授权商家会主动将授权书挂在显眼的位置，不会等着你去要",,,,,,,,,,,,
爱格板真伪,"看切面
· 爱格板板芯是细、粗、细的三层结构，且每层结构间界线清晰。",,,,,,,,,,,,
爱格板真伪,"看饰面
· 正品爱格板饰面纹理清晰、自然，手感细腻，真实感很强
· 假的爱格板，容易花纹模糊不清、色彩暗淡，而且饰面层有很强的“泛油光”现象，不通透
这一点，业内人士一般一眼就能看出来",,,,,,,,,,,,
爱格板真伪,"看进口报关单和采购合约
· 参照图7看合约以及报关单，然后再根据采购单及用色卡上的色号与网站进行对应来鉴别真假",,,,,,,,,,,,
克诺斯邦,另一国际大牌，可是走黑红路线，为了和小爱竞争，开始分身素的和精华的，降低了自己的格调，很多买家到手后发现印刷粗糙，有异味。后来其公关团队发现这样下去不行，又发布声明说素的都是假的，精华版才是真，反而招致更多非议。正在想尽一切办法挽回口碑。,,,,,,,,,,,,
克诺斯邦,"克诺斯邦热门色号：
K358素雅木纹、K079灰褐色、8100白色、7045米灰、6299钴灰",,,,,,,,,,,,
克诺斯邦,克诺斯邦呢，原来没进入中国市场，在欧洲做的挺好，口号是：全球销量最高的板材。全球每三张板材就有一张来自克诺斯帮。后来不知为什么，这家伙突然醒悟了，交给成都丽维家，后来也有其他品牌从丽维家拿板材来加工的。,,,,,,,,,,,,
克诺斯邦,这个品牌是欧盟E1级环保标准，比国内所谓的E0级还是要好点的，只不过也有客户反应味道大，那就要注意了，你买的是精板，还是进口素板国产饰面呢？,,,,,,,,,,,,
克诺斯邦,最近克诺斯帮和酷家乐合作，公库里选择板材时第一个就是克诺斯帮。这点倒是对推广挺有好处的。,,,,,,,,,,,,
克诺斯邦,克诺斯邦（Kronospan）隶属柯诺木业集团（Krono），卢森地板也是他们集团的，价格比较贵，东西也不错。,,,,,,,,,,,,
克诺斯邦,总的来说：克诺斯帮比爱格均价便宜，纹路做的不如爱格，买精板不要买素板。,,,,,,,,,,,,
克诺斯邦,1、首先精板的整板尺寸为2800mm*2070mm规格，原装进口大板因为尺寸问题，会将大部分本地小工厂筛选出局，原因是很多小型加工厂的雕刻机只能上国产1220mm*2440mm规格的板材，原装进口的大板尺寸无法上雕刻机！,,,,,,,,,,,,
克诺斯邦,2、目前克诺斯邦的唯一官方代理为沃特玛斯特，负责中国地区的业务拓展，它是大家可能听过的丽维家下面的子公司；,,,,,,,,,,,,
克诺斯邦,3、原装进口的精板，每一块色板都是有自己对应的编号，相应编号都是能够登录官网进行对比查询的；,,,,,,,,,,,,
克诺斯邦,4、精板整体为原装进口，不吹不黑，欧洲的人造板制板技术确实领先国内企业太多，基层的抗变形系数、握钉力、饰面纸的质感、纹理清晰度等综合因素确实不错；,,,,,,,,,,,,
克诺斯邦,1、素板整板尺寸是1220mm*2440mm规格，为国产标准尺寸，这个标准尺寸造就了什么问题呢，就是只要是一个家具厂，就都能够加工，了解板式结构家具远远不是一个选定一个板材品牌就万事大吉的事情，相反，素板这个玩意，拉低了家具厂的入门条件，各地区大大小小的加工厂都号称能做，牛鬼蛇神都跑出来分一杯羹，就造就了参差不齐的工艺，全屋定制是看整体落地而非单一的板材品牌，各位一定切记，不要盲目！,,,,,,,,,,,,
克诺斯邦,2、素板不可控！与其说素板不可控不如说人心不可控，因为素板的分销模式是每个地区选定一到两个压贴工厂进行授权（注意：压贴厂绝不会只做一个板材品牌，对于压贴厂来说，他要丰富他的产品，满足各个档次的定位，所以一定是多家基板工厂的融合）,,,,,,,,,,,,
克诺斯邦,3、素板是要进行二次加工压贴的，那么在这个过程中，每个地区的授权压贴厂使用的胶水都是不同的，所以这个二次加工环节注定了品牌在网络上的口碑参差不齐；,,,,,,,,,,,,
克诺斯邦,4、素板的花色千千万万，毫不夸张，厂家可以把任意他觉得流行的颜色压贴到任意基层上，多种多样，千变万化，但是唯一不变的就是这些饰面纸都充满了廉价感。所以不言而喻，定制家具首选板材品牌，选供货渠道正规的定制品牌，比如上面提到的沃特玛斯特、丽维家，最后也是很重要的是预算足的情况下，选品质可控放心的进口精板,,,,,,,,,,,,
克诺斯邦,克洛斯邦板是板材行业的字高标准的代名词，欧洲销量第一的板材品牌主要分为静板和素板，精板是基材+饰面在一起面一起在国外加工好进口到国内。素板则是基材进口在国内进行饰面的压贴，当然价格上有很大的区别，因此在选择的时候一定要问清楚。,,,,,,,,,,,,
克诺斯邦,克诺斯邦Kronospan是柯诺木业集团旗下品牌，柯诺标准——行业内至高标准的代名词，通过欧洲最高质量认证组织（RAL）认证。欧洲销售1的板材。进入中国，分为精板和素板，精板是基材+饰面一起在国外加工好了进口到国内，素板是基材进口到国内后，在国内进行饰面的压贴，精板和素板价格相差巨大，选择时问清楚，避免入坑。,,,,,,,,,,,,
克诺斯邦,和爱格板一样也是实木颗粒板。知乎有人说克诺斯邦板是欧洲板材品牌中的老大，市场份额是高过爱格板的，但是不知道为什么，这家板材商前些年把中国市场给忽略了，然后爱格板在中国热乎地快上天了，克诺斯邦才想起有中国这个市场。据我了解，克诺斯邦板厂商，和“卢森地板”应该是同一家集团的。,,,,,,,,,,,,
克诺斯邦,克诺斯邦将工厂设立在森林资源丰富、贯穿欧洲的阿尔卑斯山脉，所取原材料均为30年以上成熟树龄的桦木、榉木等寒带硬质木材。北欧树木纬度高，生长慢、密度高，抗腐抗霉性强，生产出的克诺斯邦板材带有大森林的天然木质清香。,,,,,,,,,,,,
克诺斯邦,代理商：有资格拿到第一手的克诺斯帮精板厂家绝对都是有实力的,①辽宁岭先进出口贸易有限公司,,,,,,,,,,,
克诺斯邦,想要定制找到的商家绝大部分都是从华东区的（上海格尔森木业有限公司）或者西南区的（成都沃特玛斯特科技有限公司）拿的货,②中享汇成（天津）网络科技有限公司,,,,,,,,,,,
克诺斯邦,很多人最大的误区就是总以为丽维家等才有克诺斯邦的货源，但其实用点心的宝宝会发现丽维家只是西南区的代理商之一，还有很多只要有正规授权的商家而且性价比很高的商家一样可以信赖,③武汉克诺森林木业有限公司,,,,,,,,,,,
克诺斯邦,,④成都沃特威玛斯特科技有限公司——→下一级：成都丽维家科技有限公司——→下一级：一些全屋定制门店,,,,,,,,,,,
克诺斯邦,,⑤威登木业（广东）有限公司,,,,,,,,,,,
克诺斯邦,,⑥上海格尔森木业有限公司——→搜寻每个省份、城市等,,,,,,,,,,,
克诺斯邦,1.克诺斯邦官网查询,,,,,,,,,,,,
克诺斯邦,2.微信公众号查询,,,,,,,,,,,,
克诺斯邦,3.地区总代理查询,,,,,,,,,,,,
克诺斯邦,4.防伪码扫描查询,,,,,,,,,,,,
克诺斯邦,5.花色查询,,,,,,,,,,,,
菲萨FINSA,菲萨有的叫芬萨，是目前西班牙最大的板材商，这个品牌以前在国内的知名度不高，很多人不知道，不过近两年已经很多国内厂家开始使用了，它的尺寸比爱格更大，可以达到2850*2100。菲萨的有些纹理和爱格相似，价格与环保等级爱格也相近。国际上名气和销量都大于爱格，但在国内不如爱格知名度大！,,,,,,,,,,,,
可丽芙,定位高端的国际大牌，不看重内娱市场，目前只在皮纹、布纹、金属纹的小众市场有竞争力。,,,,,,,,,,,,
可丽芙,"可丽芙热门色号：
FA68亮白珠光拉丝、S137素色白衫木纹、LN01浅灰调木纹、UA94大象灰调、FC36奶油灰",,,,,,,,,,,,
可丽芙,爱马仕级别，价格很高，按投影算大概在2800-3000，可丽芙很出众就是饰面，拿奖无数，无论是手感、质感还是视觉上都很强。可丽芙板材厚度是19mm的居多，其他的进口板18mm厚的多，这是有所区别的。,,,,,,,,,,,,
可丽芙,其实可丽芙算是一个小众品牌，无论是从工厂规模或是出货量都不大。但你知道，意大利的东西，尤其是家具，啧啧啧...，没得说。国内一些大牌子也有部分产品在用，不过那要的是天价。,,,,,,,,,,,,
可丽芙,可丽芙无论从板材、ABS封边条、饰面都是顶尖的，尤其是饰面，多次获得“红点工业设计杰出材料奖”，其他奖项也是拿奖无数！,,,,,,,,,,,,
可丽芙,它仿木纹的饰面不仅纹理较深，而且树结部分纹理特别真实，这对于压贴时候的钢板是有特殊要求的，需要特殊定制，而且一个钢板只能用一个花纹。,,,,,,,,,,,,
可丽芙,皮纹，手感摸上去确实有真皮的感觉。,,,,,,,,,,,,
可丽芙,3D饰面，手感类似皮纹，颗粒感十足。,,,,,,,,,,,,
可丽芙,石纹，纹路与石材十分接近。,,,,,,,,,,,,
可丽芙,布纹，喜欢布纹的朋友是不二选择。,,,,,,,,,,,,
可丽芙,金属纹，高级感十足，价格较贵。,,,,,,,,,,,,
可丽芙,"可丽芙板材饰面纸较厚，国内一般是19厚度居多，这是也区别其他品牌18厚度。当然也有8，22，25，28，38厚度的。8,19和25用的居多。它的大板成型尺寸是5600*2070。为方便运输，到国内一般是裁断后2800*2070的尺寸",,,,,,,,,,,,
可丽芙,总的来说，可丽芙是目前我所见市面价格最高的三聚氰胺板材，无论从各方面来说，都是顶级的,,,,,,,,,,,,
兔宝宝,曾经的内娱一姐，然而成名后，供不应求，公司热衷于接各种商演掐烂钱，倒嗓严重，近年被屡屡抓包半开麦假唱以及各地都有幕后代唱。前几年当红的时候，把品牌卖给各地演出商卖拼盘演唱会，结果屡屡传出各地承办商跑路，目前口碑开始有些崩塌，长此以往，可能成为劣迹艺人被封杀。,,,,,,,,,,,,
兔宝宝,● 颗粒板：颗粒板是由杂木树枝树皮，也是多层板和杉木板等其它板材剩余废料作为原材料，经过粉碎后，加入适量的胶水，热压而成。板材的硬度完全取决于胶水的多与少的问题，胶水越多，硬度越高，胶水越少，越环保，两者不可能同时具备。所以，外面一些主推颗粒板的品牌，如果确保是E0级的情况下，那么板材的硬度几乎很难达到要求，意味着板材很容易变形，握钉能力严重不足，时间长了之后柜门容易松动等问题。,,,,,,,,,,,,
兔宝宝,另外，广西天气温度比较大，尤其是三四五月份的时候，地板、墙体和柜子流水是很正常的事情，尤其是与地面瓷砖接触的颗粒板，经过短时间浸泡之后，水份进入板材内部，对本来硬度就不好的颗粒板而言更加容易泡坏。板材从下到上慢慢软化，最后就会破坏整个柜子的结构。影响柜子使用寿命。,,,,,,,,,,,,
兔宝宝,● OSB板（顺芯板）/欧松板：由兔宝宝与加拿大Norbord（诺博尔德）公司联合建设的工厂，所以兔宝宝欧松板属于加拿大进口板材。,,,,,,,,,,,,
兔宝宝,具务以下四大特点：,,,,,,,,,,,,
兔宝宝,环保性：生产全部采用MDI无醛胶，未测出甲醛含量，甲醛含量为0；,,,,,,,,,,,,
兔宝宝,稳定性：四层铺装三层定向排列，不容易产生弯曲变形现象，所以很多品牌用作柜门；,,,,,,,,,,,,
兔宝宝,防水性：不易吸水，在国外用于建筑外墙。,,,,,,,,,,,,
兔宝宝,● 多层板：经由原木旋切成单板（原木利用率65%），再用环保胶粘剂，使相邻层单板的纤维方向互相垂直排列胶合而成，经冷压、热压、砂光、布面等24道工序精制而成，具有幅面大、表面平整、不易翘曲变形、材质均匀等优点；,,,,,,,,,,,,
兔宝宝,环保性：Enf级，检测结果，甲醛含量为0.012mg/立方；,,,,,,,,,,,,
兔宝宝,稳定性：硬度非常高，经过实验证实，单位面积内可以承受至少1000斤的重量,,,,,,,,,,,,
兔宝宝,耐用性：握钉力方面，一个位置可以重复打钉20次，至少可以连续使用50年,,,,,,,,,,,,
兔宝宝,● 杉木板：以20年以上优质杉木为原料，只取树干部分（原木利用65%），切割40-60x600小条子，并采用新型无醛级环保胶粘合，经27道工序烘干、齿接、热压而成。,,,,,,,,,,,,
兔宝宝,"环保性：Enf级,甲醛含量为0.009mg/立方",,,,,,,,,,,,
兔宝宝,注：E1级（≤0.124mg/m³）、E0级（≤0.050mg/m³）、Enf级（≤0.025mg/m³）,,,,,,,,,,,,
兔宝宝,1993年在浙江创立，环保等级可以做到E0、E1级，主力产品有：生态板、欧松板、多层板,,,,,,,,,,,,
兔宝宝,板材起家，近些年也在做全屋定制，不过设计安装都一般，任重而道远，板材种类很丰富，主推生态板和多层板，做柜体很值得，但是部分板材系列的价格并不便宜，1680元/投影，差不多可以做全爱格了,,,,,,,,,,,,
兔宝宝,1.和厂家要购买板材的:发票或者清单,,,,,,,,,,,,
兔宝宝,2.板材面上有防伪二维码标识,,,,,,,,,,,,
兔宝宝,3.封边条有兔宝宝logo（很多都是没有的）,,,,,,,,,,,,
兔宝宝,4.用紫外光线照板材上有兔宝宝logo,,,,,,,,,,,,
莫干山,一直被兔宝宝压一头，前几年想用大豆胶，无醛胶等新科技来翻身，结果在江苏无锡、湖北、安徽合肥等各地的抽检中和Baby一起陷入甲醛超标丑闻，人们发现其根本不是天然的，反而是个整形鬼。,,,,,,,,,,,,
莫干山,1995年在浙江创立，环保等级可以做到E0、E1级，主力产品有：多层实木板、纤维板、刨花板,,,,,,,,,,,,
莫干山,和兔宝宝一样，板材起家，近些年也在做全屋定制，很多准备木工打柜子方式的朋友都会考虑莫干山板材，但是除了价格不高，以及销售说的“多了呼吸孔的细木工板”以外，感觉没什么吸引点,,,,,,,,,,,,
莫干山,莫干山豆茵板材，使用大豆基无醛黏合剂，充分利用豆子榨油后的豆粕为原料，杜绝甲醛、苯酚等有毒、有害物质释放。不仅没有传统三聚氰胺板浓重的味道，甚至还有植物的芳香感。,,,,,,,,,,,,
莫干山,莫干山板材，不管是选择买板材打柜子，还是定制家具，都会提供优质的板材，良好的服务，守护家居安全、健康，使小伙伴住的舒心，买的放心，用的安心。,,,,,,,,,,,,
福人板,原本口碑很好，因日本F4认证一炮而红。然而他家推出了平替替身的竹馨，从此各个商家开始用竹馨替代湖人精华，湖人自身的口碑也下滑了，毕竟这个蹭草芳热度的小花，只有素没有精，而素的都是各地自己贴皮。,,,,,,,,,,,,
福人板,1979年福人成立，通过43年的坚持和探索，以卓越的品质、高环保等级，独特的设计和高性价比，福人成为了进口爱格的平替，其实福人还是被严重低估了，在民族自信的今天，福人应该被更多的人看见,,,,,,,,,,,,
福人板,福人创立于1979年的福建，是国内第一家中、高密度纤维板生产企业，主持起草了《中密度纤维板》国家标准，国内唯一一家采用熔融石蜡雾化施加工艺，全套装备、技术分别是从芬兰和德国引进，拥有省级木材实验中心，长期服务于国内外一线品牌,,,,,,,,,,,,
福人板,"福人板原料以马尾松和阔叶材为主,木材本身强度高，淀粉和单糖含量较低,均可确保尺寸稳定和不易霉变的优点,所以福人板强度高、稳定性好、防潮防霉",,,,,,,,,,,,
福人板,"福人刨花板生产设备
选用的是连续压机中的劳斯莱斯——芬兰的Metso，是国内唯一一条用在刨花板生产上的Metso连续压机。",,,,,,,,,,,,
福人板,"福人压贴设备
选用德国迪芬巴赫——全套顶级进口设备
是福人板质量、工艺、细节上强有力的保障",,,,,,,,,,,,
福人板,由战略合作意大利设计师完成纸张印刷。再由夏特/英特普莱特印刷完成配套钢板，最后由欧洲顶级钢板厂配套开发,,,,,,,,,,,,
福人板,福人是瑞典宜家最大的供货商，致力于饰面板的“设计时尚”，通过工艺技术与产品设计创造了更多可能，花色和爱格比毫不逊色可以和进口板材媲美～,,,,,,,,,,,,
福人板,"F4星级
达到现阶段国际最高标准的F★★★★标准",,,,,,,,,,,,
福人板,"表面抗菌性能强
福人饰面板在确保板材环保性能的同时，不断着力于饰面表面抗菌性能的研发，经检测福人饰面板对于大肠杆菌金黄色葡萄球菌、白色念珠菌具有很好的抑制效果‼️",,,,,,,,,,,,
福人板,"为什说是爱格平替
1、原材料优质
2、福人采用的是夏特的木饰纸和虎亚的钢板做出的效果和纹理真的一点都不输爱格
3、环保等级和爱格相同都是F4星级",,,,,,,,,,,,
福人板,在国内目前饰面和技术做的非常不错的一款板材，也是国内位为数不多的达到F4星的环保标准的板材供应商之一，板材花色是由意大利设计团队研发，饰面采用夏特等进口饰面，基材由马尾松木，花色齐全深受客户和设计师喜爱。,,,,,,,,,,,,
福人板,福人板材的原料是马尾松，木材强度高，防水性很好，抗变形和握钉力会更好一些。,,,,,,,,,,,,
福人板,福人板材花色出众，来源于芬兰和德国设计师，采用夏洛特印刷技术,,,,,,,,,,,,
福人板,福人柜体+柜门+9厚背板=850/投影,,,,,,,,,,,,
福人板,成立于1979年的福人板材环保等级是日本F4星的级认证。,,,,,,,,,,,,
福人板,1.花色编码查询：登录福人家居官方网站www.furenhme.cn，在饰面设计页输入花色编码查询,,,,,,,,,,,,
福人板,2.经销商授权查询：登录福人家居官方网站，在营销网络-品牌授权页面输入指定经销商授权编码查询,,,,,,,,,,,,
福人板,3.品牌门店授权查询：登录福人家居官方网站，在营销网络-品牌授权页面输入指定品牌门店授权编码查询,,,,,,,,,,,,
福人板,4.防伪LOGO验证：用紫光等照射饰面板表面，查看是否有正确的FUREN福人防伪LOGO,,,,,,,,,,,,
福人板,5.商标：精板认准-FUREN福人 素板认准-福人（绿色众字标）,,,,,,,,,,,,
露水河,老牌天后，吉森文化一姐，由于吉森文化转型做其他产业了，露华浓近年没有什么好的资源，公关也比较落后，被对家围黑。虽然公认唱功实力最佳，但盗版太多，很多人都不敢买她的产品了。,,,,,,,,,,,,
露水河,也是常说的吉林森工板材，主要原材料是松木，因材料单一，稳定性好，板材的各项指标也很优良，有轻微的松木木材味道，但是没有刺激的气味。,,,,,,,,,,,,
露水河,露水河板材出厂的时候每一张板材都有其独特的二维码，每一张板材的二维码都不同，一张板材有6个码，这些二维码可以通过连接露水河公众号数据后台通过扫码鉴别真伪。可以从上面图片可以看到鉴定界面。有些朋友可能会问那如果一些做盗版的商家直接把二维码原封不动的抄袭过去会怎么办？我们可以看到如果一个二维码被扫描10次以上就会出现真假存疑请联系厂家进行鉴定。这个是目前最权威的鉴定方式了，因为只有正规露水河授权的厂家才会发放二维码，并且这些二维码都是有个数限制的。所以当您选择露水板材的时候可以去问问商家他们到底有没有鉴定二维码，可以自己回家扫一扫鉴别一下真伪~,,,,,,,,,,,,
露水河,1998年在长春创立，环保等级可以做到E0、E1级，主力产品有：刨花板、中纤板、生态板,,,,,,,,,,,,
万华禾香板,"千华文化力捧的顶流小花，几乎获得了千华全部资源，从桔梗原料到独家MDI胶，成功打造出“零醛”玉女形象，一出道就收获了众多宅男粉丝。出场费一度被热炒至内娱最高。
然而有心人发现其身上总有异香，送去检验后，竟发现“苯系物”“二甲苯”TVOC超标。据爆料：草芳虽无甲醛，但有致命缺陷：桔梗的霉味，为了去味，放置了不少“香樟”，由于抽检不含此项，所以一直瞒天过海。而草芳居然还有素和精的区别，也进一步降低了草芳的口碑，导致出场费大降。",,,,,,,,,,,,
万华禾香板,自创禾香板，MDI胶也很厉害，万华和国内很多品牌都有合作，康纯板、爱芯板、乐芯板等市场常见的板材基本都是万华禾香板，精板环保等级F4星和ENF级，精板有2种：万华禾香板精板和万华绿尚康品，两者从分类、基材，再到尺寸、定位都不同,,,,,,,,,,,,
万华禾香板,万华禾香板精板，精板的饰面和封边位置都有防伪码，用紫外线灯照射就可以看到。精板有10个花色，认准这10个花色就可以了。,,,,,,,,,,,,
万华禾香板,素板，首先要看授权证书，在官网上输入贴面板厂的名字，就可以查询到，在基材封边的位置打有生产批次和编码。,,,,,,,,,,,,
万华禾香板,禾香板的创造者,,,,,,,,,,,,
万华禾香板,一提起这种板材，我们大家会想起MDI胶，对，它是万华专利。现在很多板材厂家也在从万华进货。,,,,,,,,,,,,
万华禾香板,原料从开始的稻草+桔梗+MDI胶，变成了稻草+桔梗+枝丫等各种农民剩余+MDI胶。,,,,,,,,,,,,
万华禾香板,味道变大了，以前是没有味道的，现在有味道了，几个客户都在反应这个问题。,,,,,,,,,,,,
万华禾香板,有素板和精板了,,,,,,,,,,,,
万华禾香板,现在市场上万华禾香板的价格卖的很低，对，是真的很低。 成都本地爱格+禾香板，799/899/999都有。作为工厂，作为客户我们只知道价格突然低了…,,,,,,,,,,,,
万华禾香板,因为素板，工厂从万华直接进货裸板自己找工厂贴面或者从贴面厂直接进货，这当中，我们不知道自己贴面的是不是用的MDI胶，不知道裸板到底是不是万华基材，不知道饰面纸是不是合格的，不知道封边条是不是合格的。太多的不知道。特别注意，‼️素板的环保没有ENF，只有E0。,,,,,,,,,,,,
万华禾香板,禾香板有精板，所谓精板就是原厂的成品板材，不需要贴面，只需要工厂拿回来切割后，用原厂配的封边条封边。（所以精板饰面上和封边条均有蓝光logo防伪），‼️精板的环保等级是ENF,,,,,,,,,,,,
万华禾香板,素板因为各种不稳定因素，还不如大亚，飞林，露水河等平价品牌板材稳定。为什么呢？因为本来就很便宜了，也就没必要造假啊。,,,,,,,,,,,,
万华禾香板,精板是很香的，2.7的大板，可以一门到顶不用分断（所谓的一门到顶加钱，完全是无稽之谈），ENF环保等级。所以想要用万华禾香板，就选精板吧。不要被一些居心不良的商家，把素板说成ENF，然后以为是精板。,,,,,,,,,,,,
万华禾香板,"变得不是万华，变得是人心。高利润之下，造假就对了。
万华禾香板挺好的，前提是真真正正的。",,,,,,,,,,,,
万华禾香板,2006在云南创立，环保等级可以做到ENF，主力产品有：禾香板,,,,,,,,,,,,
万华禾香板,万华精板绿尚康品是万华最高端的板材，尺寸：2070*2745和福人1220*2745的板材质量差不多。,,,,,,,,,,,,
万华禾香板,万华禾香板柜体+柜门+9厚背板=750/投影,,,,,,,,,,,,
万华禾香板,万华绿尚康品柜体+柜门+18厚背板=850/投影,,,,,,,,,,,,
万华禾香板,万华禾香板是采用各种农林剩余物为主要原料，板材硬度高，握钉力强,,,,,,,,,,,,
万华禾香板,万华禾香板使用的胶水是MDI胶水，不含游离甲醛，环保标准达到国标ENF级别。,,,,,,,,,,,,
万华禾香板,但是万华素板居多，市面上比较混乱，万华禾香板到底是不是高环保标准？我们可以很负责任的告诉大家，精板是，素板不是‼️‼️‼️‼️我们选板还是要看授权，看防伪‼️‼️‼️,,,,,,,,,,,,
万华禾香板,万华板材饰面也是对标爱格板材，花色饰面也采用夏洛特印刷，这个只能根据个人喜好挑选了,,,,,,,,,,,,
万华禾香板,"W华禾香板的智商税又坑了多少人?先科普下何为禾香板,它是以稻杆、麦杆等秸秆碎料和聚氨酯生态胶（MDI）为主要材料，经高温高压制作而成的人造板材。通过所用的原材料便能知道的几点问题:1、密度低、握钉力差、时间久了易开裂、防潮性差,这些都是秸秆与实木颗粒用的树干无法比的地方,如果同级比较的话,密度板与禾香板不论上下.2、霉味难免,其秸秆露天堆积易发霉发酵，气味不是颗粒板的树干木香,至于霉气是否跟霉菌本质一样致癌影响健康,不多做言论.3、关于环保检测是不推荐大家使用的最关键一点,国内环保检测是送检,而国外是真正的抽检,这也是最大漏洞的地方.而禾香板所涉及到的部分检测目前国家还并未出台相应政策.综合板材的防潮性、握钉力、环保三大维度评测,别说跟进口颗粒板比较了,即便拿来跟国内优秀的颗粒板(露水河/大亚板等)比都已逊色了太多.禾香板本身也并非这一两年才出现,为何现在开始被夸大宣传,且卖出如此高价,唯独智商税可以解释的通,如果以上几点还是无法阻止你钟爱它,那请拿出正确的价格姿态对待,它不值这个钱.",,,,,,,,,,,,
菲德莱,菲德莱与爱格同为德国原装进口的板材（我国的爱格板材基本都源于德国），爱格在国内的名气远大于菲德耐，但是，爱格的总部在奥地利，菲德耐的总部在德国。,,,,,,,,,,,,
菲德莱,全球销量来看，菲德莱排名第二、爱格排第四。爱格基材以针叶松为主，菲德莱是软木和硬木混合加工而成，饰面压贴也是国外完成的，它的色彩比爱格的更丰富一些。至少在德国，Pfleiderer也是获奖无数。,,,,,,,,,,,,
菲德莱,"热门色号：
U11026水晶白、U12168羊绒、U16002刚果灰、U16184奶油色、U19014鼠尾草",,,,,,,,,,,,
雪宝,于行业先行建立儿童房健康板的高品质高环保产品标准，率先推出齿接芯板材，实木实芯。甄选中大径级原木材，密度适中，握钉力强。甲醛释放量≤0.05mg/m3，优于国家新国标新高度，又称无醛板。环保等级最高可达Enf级，板材环保更健康！据统计雪宝荣获国产销售第一。,,,,,,,,,,,,
雪宝,同鲁丽一样，有防伪码可查询，也有荧光防伪，紫光灯照射会显示logo,,,,,,,,,,,,
大亚颗粒板,全国有八大生产基地、在亚洲也混的风生水起的知名板材品牌,,,,,,,,,,,,
大亚颗粒板,考虑到环保、加工性能、预算，国产板材大亚是一个性价比较高的选择，也广泛用于全屋定制市场中,,,,,,,,,,,,
大亚颗粒板,大亚人造板材率先推出E0级环保标准，是国内首家取得F4星认证、CARB认证的板材生产企业，同时通过美国EPA认证、首批无醛人造板及其制品认定单位,,,,,,,,,,,,
大亚颗粒板,其优点,,,,,,,,,,,,
大亚颗粒板,1.E0级标准，世界环保水平,,,,,,,,,,,,
大亚颗粒板,2.良好的吸音隔音性能,,,,,,,,,,,,
大亚颗粒板,3.结构均匀，易于机械加工制造,,,,,,,,,,,,
大亚颗粒板,4.可按需加工成较大幅面板件,,,,,,,,,,,,
大亚颗粒板,5.多种厚度规格可选，无需加工,,,,,,,,,,,,
大亚颗粒板,最出名的就是人造板，以三剩物和次小新材为原料，加工生产的高端板材，各项指标都不错，圣象地板也属于大亚品牌。,,,,,,,,,,,,
大亚颗粒板,1.防伪钢印，大亚的防伪钢印目前假货还仿制不出来,,,,,,,,,,,,
大亚颗粒板,2.防伪码,,,,,,,,,,,,
大亚颗粒板,需要注意！！大亚肤感系列没办法上防伪钢印，只有防伪码。所以选了肤感系列的客户就不没必要看防伪钢印了，其他的都能有防伪钢印,,,,,,,,,,,,
鲁丽,鲁丽OSB欧松板原厂精板，环保ENF级详细介绍|||鲁丽欧松板OSB介绍,,,,,,,,,,,,
鲁丽,1.环保无醛：鲁丽OSB采用无醛胶MDI胶，环保级别ENF级。ENF级别的甲醛释放量≤0.025mg/m³，而鲁丽OSB的最新实测数据已达到≤0.01mg/m³,,,,,,,,,,,,
鲁丽,鲁丽已通过儿童安全级产品认证，日本F4星级环保认证等高级别认证。,,,,,,,,,,,,
鲁丽,2.易加工性和防潮性:其表层刨片呈纵向排列，芯层刨片呈横向排列，这种纵横交错的排列，重组了木质纹理结构，消除了木材内应力对加工的影响，使之具有非凡的易加工性和防潮性。另外，因MDI胶不溶于水，使之防水性能、防潮湿性能尤为出众，且具有极强的防腐能力，不霉不腐、防虫不蛀。,,,,,,,,,,,,
鲁丽,3.超强的握钉力：无接头、无缝隙、裂痕，整体均匀性好，内部结合强度极高，所以无论中央还是边缘都具有普通板材无法比拟的超强握钉能力。,,,,,,,,,,,,
鲁丽,4.结构稳定性强，耐力强：鲁丽定向结构板OSB通常,,,,,,,,,,,,
鲁丽,分为三层结构，上下两层刨片呈纵向排列、芯层刨片呈横向排列，这种纵横交错的结构使其具有极高的尺寸稳定性和静曲强度，加之有大量的长木纤维，线膨胀系数极小，因此定向结构板OSB具有良好的抗震、抗冲击能力及抗弯强度。,,,,,,,,,,,,
鲁丽,5.原材料新西兰松木特色：新西兰松木的生长周期长、年轮细密、木材的质地柔韧，树木的含油量低，经久耐用，不易变形最主要的是新西兰松木，比一般松木味道小，几乎没有其它松木的异味，同时甲醛含量也更少，更环保。鲁丽OSB精板，在选用新西兰松木做基材时，经过脱皮处理，只选用脱皮以后的树干和树枝，所以切面更干净，异味更小。,,,,,,,,,,,,
鲁丽,6.外观颜值特色：鲁丽OSB采用的饰面纸是德国进口夏特饰面纸。夏特纸的特点是——材质比较厚实，质感手感优于普通饰面纸，且具有纹理逼真、色泽自然真实、耐磨度高，不易划伤。另外含紫外线吸收剂，不变色、不褪色。鲁丽OSB在传统板材饰面色系纯色、木纹、布纹、石纹四大色系的基础之上，升级打造出来一些新元素，如灰色系、棕色系、咖色系、原木色系等。根据不同人群的喜好，鲁丽OSB现已升级到70多款花色,,,,,,,,,,,,
鲁丽,7.防伪特点：鲁丽OSB精板采用暗标防伪，防伪标识是“鲁丽木业”,,,,,,,,,,,,
鲁丽,8.尺寸4*9尺特点：鲁丽OSB精板现推出4*9尺（1.22m*2.75m）大板，可满足大部分现代简约风格的一门到顶。,,,,,,,,,,,,
鲁丽,用紫外线灯一照就能看到鲁丽木业四个字,,,,,,,,,,,,
鲁丽,1987年在寿光创立，环保等级可以做到ENF，主力产品有：无醛双饰面欧松板,,,,,,,,,,,,
千年舟,你只需要找到商标，刮开涂层就可以看见防伪二维码和20位的防伪码喽，有三个路径可以查验~,,,,,,,,,,,,
千年舟,1.微信二维码进入防伪码查询页面，根据页面提示输入防伪码就可以查验真伪,,,,,,,,,,,,
千年舟,2.千年舟公众号，进去后点下面菜单栏的“服务+”→ “防伪查询”，进入页面，输入防伪码查验,,,,,,,,,,,,
千年舟,3.如果手边有电脑的话可以直接去官网，选择“服务中心”→“防伪查询”，进入页面，输入防伪码查询,,,,,,,,,,,,
千年舟,1999年在杭州创立，环保等级可以做到E0级，主力产品有：多层板、刨花板、OSB、LSB,,,,,,,,,,,,
水性科天,水性高分子技术,,,,,,,,,,,,
亿维雅,马来西亚的纯橡胶木F4星高品质品牌,,,,,,,,,,,,
欧卡菲,泰国的纯橡胶木F4星的亲民品牌,,,,,,,,,,,,
红棉花板材,1．红棉花27年专业做饰面板的研发、生产和销售；,,,,,,,,,,,,
红棉花板材,2、目前全国最先进的生产设备（德国温康纳双面同步对纹自动生产线—2014年引进时是世界第三条，亚洲第一条）；,,,,,,,,,,,,
红棉花板材,3、德国胡克钢板（20万元），生产的板材表面纹理鲜明，清晰度高，无论视觉还是触觉都是一种高规格的艺术生活享受。,,,,,,,,,,,,
红棉花板材,4、与德国夏特（Schattdecor）装饰纸公司、德国英特普莱特（Interprint）装饰纸公司（耐磨、耐刮、防褪色）品质的保证！,,,,,,,,,,,,
红棉花板材,5、欧洲顶级设计师原创纹理,,,,,,,,,,,,
红棉花板材,6、独一无二的同步对纹产品（百分百纹理吻合，还原天然木皮质感，成品展现立体感极强）；,,,,,,,,,,,,
红棉花板材,7、基材全覆盖（颗粒、中纤、多层、整芯实木、大芯板、木香板），材料采用进口生产线生产，密度、握钉力、防潮、抗变形等性能极优。,,,,,,,,,,,,
红棉花板材,8、环保等级全覆盖（E1E0、零醛），木香板可通过水煮2小时无明显膨胀,,,,,,,,,,,,
大王椰,板材是全屋定制过程中必不可少的，用于打造橱柜以及其他家具。我们在选择板材品牌的时候，往往挑花了眼。,,,,,,,,,,,,
大王椰,1.大王椰板材隶属于杭州大王椰木业有限公司，成立于2000年元旦，是集产品研发、生产、销售、配送和服务于一体的大型建材经营企业，产品结构已涵盖装饰面板、细木工板、多层板、石膏板、防火板、水晶板、柜体板、环保胶水、五金等家居装饰板材系列及配套产品，旗下拥有5家子公司，是中国板材行业的领军企业,,,,,,,,,,,,
大王椰,2.大王椰板材在行业中的名气是很大的，它属于生态板板材，精选优质杉木、马六甲、桐木、楠香木等原材料作为产品芯材，采用进口仪器贴面热压机，电脑控制温度与热压时间，精细把控贴面工序，经过3次分选，至少3次烘干杀菌灭绝虫卵，2次砂光、抛光，指节构成。再将带有不同颜色或纹理的纸铺装直贴在基材上面，再经热压而成，其中采用净醛环保胶水作为辅助材料，安全，更环保，质量更优,,,,,,,,,,,,
大王椰,3.大王椰板材为了保证产品质量，提高核心竞争力，公司从源头抓起，整合全球木业资源，分别在湖南、福建、江西、广西、云南、贵州、广东、河北、印尼、马来西亚建立十大国内外原材采购基地。严格原材料采购标准，形成基地化采购模式，引进现代化生产技术，确保了大王椰高品质的产品，稳定的市场价格体系，提高了大王椰的核心竞争力,,,,,,,,,,,,
大王椰,二、大王椰板材是十大品牌吗,,,,,,,,,,,,
大王椰,1、大王椰板材是十大品牌，它是国内生产木工板规模最大的企业之一，也是大王椰集团下的板材牌子，产品质量值得信赖。,,,,,,,,,,,,
大王椰,2、大王椰板材品种齐全，产品包括细木工板、饰面板、集成板、多层板、免漆板等，能够很好地满足消费者的不同需求.并且原材料来自国内外知名原产料基地，保证了原材料的优质性，再到加工生产的每一步严格监控，保证了产品的高品质，它能够成为十大品牌当之无愧,,,,,,,,,,,,
大王椰,3、大王椰板材还采用了先进的工艺，独创120度UHST超高温瞬间净化工艺和压合工艺，将误差精确到0.05mm，并且达到强力逼除胶水中的游离甲醛等有害物质，切实保证了产品的环保性。新标准将板材甲醛释放限量值分为E1、E0、ENF、三个级别。其中，新国标ENF级成为目前最高、最严苛的环保等级，比美国NAF无醛豁免认证要求还要高. 产品质量有保障.环保安全无毒害.消费者可放心购买,,,,,,,,,,,,
大王椰,2000年在萧山创立，环保等级可以做到E0级，主力产品有：双效抗菌板、生态板、抗菌除醛板,,,,,,,,,,,,
柜门的4种饰面,"饰面，贴附在基材上面的花色纸张，（不是一般的纸张，叫三聚氰胺纸，类似布的一种装饰性材料。）
国际上比较主流的饰面品牌是德国的schattdecor夏特（克诺斯邦和爱格有多花色都来自于夏特），买了基材和纸张，接下来就是将两者结合起来了。
价格排序  三胺饰面＜吸塑＜烤漆＜实木贴皮
柜体一般用三聚氰胺板",,,,,,,,,,,,
柜门的5种饰面,"选择饰面
第一看，看纸的质感，好的饰面纸纹路清晰，压板期间所采用的不同钢板出来的效果是不一样的。
第二摸，用手体验，好的三聚氰胺纸手感不一样，例如德国夏特饰面，手感会非常的细腻。
第三看编号，大多采用纯进口纸的商家都会用数字编号来定义，。例如克诺斯邦的纯进口的K16，K001，K002; 爱格的W1000 W980等等等等。如果在这个期间你看到的三聚氰胺板是以“XXX胡桃木”“XX白”“XX红”，那就很有可能是国产的饰面纸了",,,,,,,,,,,,
柜门的6种饰面,"三聚氰胺饰面
三聚氰胺饰面是指颗粒板、多层板板或是密度板的基材的表面贴一层三聚氰胺饰面纸，然后再用PVC材质的封边条把四周都封边的一种工艺，也叫三胺板、免漆板之类的。
这里说的三聚氰胺，不要跟毒奶粉联系到一起哈，三聚氰胺用于工业上时很优秀，只要你不把板材吃了，问题就不大。三胺板是市面上最常见的板材，特别是颗粒板基材的三胺板性价比最高，80%以上的定制柜子采用的是这种板材，既可以做柜体又可以做柜门，现在技术的三胺板上的图案除了最常见的木纹之外，布纹、石纹等可以印刷的很清晰，拿来做现代风格的家具最适合不过了。风靡全球的奥地利爱格板也属于颗粒板基材的三胺板。
最初的叫法就是叫三聚氰胺板，可是由于中国奶制品污染事件，后来被迫改名，才有了生态板、免漆板的叫法，听起来好像更环保健康（但其实三聚氰胺是无毒的），也有叫耐磨板、双饰面板的，都是同样的东西。
有些人讲解板材知识的时候，会把生态板归类到基材部分了。这是不对的。
其实吧，可以这样理解：生态板就是基材+三聚氰胺浸渍胶膜纸饰面的板，这个基材可以是多层板、大芯板、密度板、颗粒板，也可以是OSB板。
我们熟知的爱格板，按道理也可以叫做生态板，只不过它是爱格公司生产的生态板。
三聚氰胺板是将带有不同颜色或纹理的纸放入生态板树脂胶粘剂中浸泡，然后干燥到一定固化程度，将其铺装在基材表面，经热压而成的装饰板。
质量达标的生态板表面具有一定的硬度，用它打制的家具不必上漆，表面自然形成保护膜，耐磨、耐划痕、耐酸碱、耐烫、耐污染。
三聚氰胺板是目前全屋定制行业里主流的板式家具里最常见的材质，你可以试试随便走进一家全屋定制店里问店家，柜体材质用的什么板，不出意外的话都是用的三聚氰胺板。
三聚氰胺板也可以用作柜门，价格经济实惠。虽然表面的图案是印刷上去的，但是这几年随着技术的进步发展。印刷越来越高清，加上先进的同步纹理技术。一些高端品牌的三聚氰胺板可以做出同步纹理的凹凸手感，几乎达到以假乱真的效果。
一般来说，三聚氰胺板是几种饰面里面最便宜的，可是这些高端品牌的饰面板价格可是一点都不便宜，比如爱格、可丽芙等等。除了常见的木纹，还可以模仿布纹、石纹、金属、混凝土等。
三聚氰胺板要做成家具，必须经过很重要的一道工序：封边。封边处理越到位，封边条与板身结合越严密，柜子越耐用，甲醛对外溢散也就越少。
封边质量的好坏涉及到几大因素：封边带、胶粘剂和机器。绝大多数的封边都是采用热熔胶，有EVA和PUR两种，只有极少数的实力厂家使用激光封边。
封边带品牌比较知名的有德国Rehau瑞好。比较好的胶粘剂品牌有德国汉高HENKEL和胶王JOWAT。关于封边的知识我们以后有机会再讲。
价格6位数的德国豪迈封边机
价格3位数的木工简易封边机
而木工的人工简易封边，受限于封边机器的好坏，还有修边的处理，人工的熟练程度等等，有较多不稳定因素，个人是不推荐的。
三聚氰胺饰面的进口品牌里面以德国Schattdecor夏特最广为人知，爱格、克诺斯邦的一些花色也选用了夏特的饰面，几乎所有中国定制大厂均有选择该品牌的产品，此外在国产品牌里的仙鹤也是数十年的装饰纸大牌，并与德国Schattdecor夏特合资了夏王品牌，在中国市场也有不小份额。
还有德国的Interprint英特普莱特，也是全球装饰纸印刷行业知名品牌，主推木纹、石纹和抽象花纹装饰纸产品。
也叫刨花板，实木颗粒板，两面使用三聚氰胺材料贴面，市场上常见的爱格、克诺斯邦都是双饰面门板。
优点：耐磨、耐划痕、稳定性好、延展性好、花色多
缺点：不能做造型
适合现在流行的现代简约、北欧风、原木风等",,,,,,,,,,,,
柜门的7种饰面,"PVC胶膜纸饰面
PVC胶膜纸饰面：俗称吸塑，多用密度板作为基材，表面贴PVC材质的膜，密度板光滑，PVC膜柔软，这样的结合非常适合凹凸造型。高级膜厚实，纹路逼真，常被用于造型门板上面，成为欧式、美式风格不可或缺的一种门板工艺。简单理解就是，密度板做成各种造型后，把PVC膜贴上去，就成了吸塑门板，这种门板比三胺板贵一些，主要贵在PVC吸塑皮和人工费上面。随着消费者的年轻化，需要简约的消费者越来越多，这种饰面的流行程度下降的很快。
覆膜饰面里面比较常见且价格相对实惠的是PVC覆膜饰面，用这种饰面工艺制作而成的门板叫膜压门板或者吸塑门板。
PVC是英文Polyvinyl chloride的简称，中文名称是聚氯乙烯，其实就是一种塑料。
普通的吸塑门板，廉价感比较明显
PVC覆膜饰面通常搭配中密度板作为基材，一般出现在欧式、美式还有轻奢风格里面，PVC覆膜很柔软，适合做凹凸复杂的造型。高级的膜很厚实，木纹手感逼真。不过覆膜只做正面和侧面，无法包覆到门板背面，背面多为简陋的白色饰面纸，整体效果不够那么完美（做6面覆膜价格太高）。
前几年欧式装修比较流行，所以PVC门板也比较多。喜欢的话简易选用纯白，不要选有纹路的，远看还行，近看实在是不能看。
吸塑门板有很多优点：不开裂不变形，耐划、耐热、耐污、防褪色，抗磨损程度高，日常维护简单。
但缺点是怕烫，哪怕是一个小烟头也会让表面的膜破损。
近来逐渐流行的肤感门板也是PVC覆膜的一种。
做PVC覆膜饰面的知名品牌有德国RENOLIT雷诺丽特、韩国LG、台湾好奇等。
还有新的PET饰面和亚克力饰面，除了材料上的区别，制作原理都是差不多的。我也把它们归到这一类了。(国内常见的那些五彩斑斓的亚克力门板除外）通常会更高端，而且可以达到很好的效果，视觉效果跟烤漆面板比较接近。
比较好的品牌有韩国LG和德国Rehau瑞好。
吸塑板基材为密度板、表面经真空吸塑而成或采用一次无缝PVC膜压成型工艺。
优点：颜色丰富、造型丰富
缺点：由于工艺原因可能会出现热胀冷缩的现象
适用于欧式、田园等风格",,,,,,,,,,,,
柜门的8种饰面,"烤漆饰面
烤漆饰面：烤漆号称“工艺之王”，工艺的复杂程度比PVC膜的压贴复杂多了，近10道工序的流程非常耗时，而且成功率不高，有一点问题就要全部重新做。这么复杂的工艺出来的产品效果肯定也很值得期待的，高光、亚光烤漆，水性漆、钢琴漆，汽车烤漆，环保漆等等名称也是迷魂阵一样，不过烤漆的高端和低端确实相差甚远，普通消费者也很难分辨，现在环保抓的那么严，烤漆的价格也是日益见长，烤漆饰面一般拿来做简约风格的门板，搭配玻璃门的最佳选择，表面光滑，易打理，防水性好，橱柜的柜门也被广泛运用。缺点是：价格高，定制时间长，硬物刮碰后易花，不可修复，白色烤漆时间久了多数都会有点发黄。
烤漆是目前应用运用广泛的橱衣柜门板。
烤漆，即喷漆后进烘房加温干燥工艺的油漆门板。
其优点是色泽鲜艳，具有很强的视觉冲击力，表面光洁度好好，易擦洗，防水防潮、防火性能较好。
烤漆门板多用密度板作为基材，背面为三聚氰胺，表面经过六次喷烤进口漆（三底、二面、一光）高温烤制而成。
缺点是工艺复杂，加工周期长，价格相对也较高。使用时要精心呵护，怕磕碰和划痕，一但出现损坏就很难修补，要整体更换；油烟较多的厨房中易出现色差。
高档的PU烤漆门的类型上分钢琴烤漆和金属（汽车）烤漆两种。
钢琴烤漆可根据客户要求调制颜色，漆面镜面效果好；金属烤漆耐变色性好，金属质感强，硬度高，耐划性好。
烤漆工艺多用于门板，大气、清爽，适合现代简约风格。
使用密度板在四周打磨加工后再油漆然后经过高温烘烤而成，烤漆门板色泽比较亮
优点：防污防潮，不褪色，不需要封边
缺点：工艺复杂价格较高，容易出现划痕且不易修补
一般用于现代、极简风格",,,,,,,,,,,,
柜门的9种饰面,"实木贴皮饰面
实木贴皮饰面：价格最高，质感最好的一种饰面，在密度板或颗粒板的基材上贴一层实木皮，四周封边后再进行油漆的工艺，实木皮很薄，厚度在0.6mm以内，但是毕竟是真实的木皮，效果比三胺纸和吸塑膜真实很多，既有实木的纹路和质感，基材又是板材，避免了实木本身易开裂的特性，多用于高端产品。
实木贴皮是把原木切割成0.1MM到1.0MM的木皮，经过浸泡，烘干等工艺。再把经过处理的木皮包覆在基材上。基材可以是颗粒板、密度板或指接板。
虽然薄，但毕竟是真木材，效果比三聚氰胺板和PVC覆膜板要真实得多。
实木贴皮的木皮又分为天然木皮、EP染色木皮、EV科技木皮、编织木皮等等。
质感最自然，价格也是最高的。
实木贴皮家具适合用在新中式和日式风格的家里，凸显低调有内涵的东方风韵。
优点是高端、大气，真实、手感好。
缺点是比较娇贵，防火、防水性能差，空气干燥容易变形开裂。","使用实木制作门板，通常价位较高，质感高级典雅
优点：环保、保留原木的质感
缺点：保养不好的话容易开裂
适合中式古典风格
吸塑门板：
",,,,,,,,,,,
柜门的10种饰面,"PET饰面
PET板材就是在板材表面印刷纸张上再贴一层PET膜 ，PET膜无色透明，厚度一般在0.4mm-0.5mm，分肤感和高光两种效果
PET肤感饰面适合：客厅 卧室优点：性价比高、触感亲肤不粘手、环保无味 、色彩丰富不足：不耐脏、吸附油污难打理、厨房不建议用、无法做造型",,,,,,,,,,,,
柜门的11种饰面,"PET高光饰面
适合：客厅 轻奢空间
优点：时尚感强、清洁方便、好打理
不足：易留指纹、容易划伤、基材不平整饰面易容易产生“橘皮”",,,,,,,,,,,,
柜门的12种饰面,"准分子PET肤感饰面
相比PET做到了JI致超哑，饰面做了双重保护
适合：客厅 卧室
优点：抗指纹、触感亲肤、耐刮耐磨
不足：不耐脏、只能加工平板产品
1、pet肤感饰面板手感好：从字面意思上可以看出，肤感板的特点就是具有婴儿般皮肤的手感。板面极其光滑细腻。具有肌肤的触感。肤感板做得特别细，360°看上去都很细腻，饰面光泽只有1°，甚至接近于0°。能做到极哑的效果，普通uv饰面板是很难到这种效果的。这种极哑的肤感板，会让你拿在手里都爱不释手。
2、肤感板优点二防指纹不沾手：普通油漆饰面板用手摸过后会有指纹留在上面，有时会出现粘手的感觉。但肤感板表面极其光滑，几乎可以做到指过不留“纹”。肌肤触感，犹如新生儿肌肤。
3、肤感板抗污能力强：普通饰面板容易沾上污渍，但肤感板具有抗污特性。即使沾上了污渍，用抹布轻轻一擦，去污不留痕。 
4、肤感板耐刮花：肤感板表面硬度较高，具有耐磨、耐刮花的特性。 
5、肤感板环保健康：在人们注重自身健康的今天，装饰板绿色环保显得尤为重要。肤感板可以做到绿色环保，无异味和无残留甲醛释放。不管是从视觉、触觉、还是味觉，都洋溢着绿色健康时尚的品味。 
6、肤感板耐黄变：普通油漆饰面板时间长了可能会有黄变的现象，但肤感板的板面十年如一日，依然洁净如新。",,,,,,,,,,,,
柜门的13种饰面,"亚克力饰面
板上附有一层透明亚克力
适合：厨房
优点：容易打理、饰面通透美观度高、封边无缝耐老化
不足：容易留指纹易刮伤、成本相对较高",,,,,,,,,,,,
柜门的14种饰面,"模压门板：
这种都是使用密度板通过机器雕刻成各种造型，然后通过PVC膜高温贴压而成，可以做不同的造型
优点：不需要封边，防潮性好
缺点：表面不耐刮、难清洁。
比较适合欧式、轻奢、美式等风格
烤漆门板：",,,,,,,,,,,,
如何找到靠谱的全屋定制,看成品图有很多全屋定制商家的设计图和最终的效果图有很大的差别，很容易出现买家秀和卖家秀的情况，能做到设计图和成品图一致的才算合格。,,,,,,,,,,,,
如何找到靠谱的全屋定制,看设计师的专业水平全屋定制商家的设计风格基本上是流水线，风格千篇一律，没有个人特色，有很多人买的户型比较奇葩，希望可以通过全屋定制来解决布局的难题，比较专业的设计师可以通过具体户型给出专业的意见，所以在付钱之前最好可以和设计师沟通一下，看看对方的专业水平。,,,,,,,,,,,,
如何找到靠谱的全屋定制,在鱼龙混杂的定制市场，一定要多看几家，找一些口碑宣传特别好的商家，信任度较高，风险也就少一些。,,,,,,,,,,,,
如何找到靠谱的全屋定制,明确自己的需求，预算多少？有没有时间？注重颜值风格吗？,,,,,,,,,,,,
如何找到靠谱的全屋定制,仔细看合同算报价！仔细看合同算报价！仔细看合同算报价！,,,,,,,,,,,,
如何找到靠谱的全屋定制,同时也要以下的事项：选择资质可信赖的品牌或者团队。大品牌都会规模化生产，能够精准把控质量和保障服务。,,,,,,,,,,,,
如何找到靠谱的全屋定制,1、选板材品牌，不看定制品牌,,,,,,,,,,,,
如何找到靠谱的全屋定制,大家要知道一件事，目前全屋定制品牌商家本身是不生产板材的，所以选购前一定要问清楚用的是什么板材及品牌。板材的好坏，决定了产品的环保和耐用性。南方地区的朋友，适合多层板，防潮稳定易加工。,,,,,,,,,,,,
如何找到靠谱的全屋定制,2、全屋定制五金,,,,,,,,,,,,
如何找到靠谱的全屋定制,柜子的心脏是五金，直接影响着柜子的使用年限。柜子用个三年五载，十年半年的都不会坏，出问题的往往是五金件。不是拉手掉落，就是柜门关不严，再不就是抽屉掉轨了，今天修，明天换的很烦心。所以柜子的五金件务必要选好的。五金件是一分钱一分货，质量好的和质量差的，使用体验上是天差地别。尤其是开门铰链，和抽屉导轨务必要认准品牌。预算充足就选百隆，海蒂诗；预算一般就选国产悍高，东泰DTC。,,,,,,,,,,,,
如何找到靠谱的全屋定制,3、环保等级是什么标准,,,,,,,,,,,,
如何找到靠谱的全屋定制,我们抛开价格不说，如果柜子不环保，可能送给你都不能要，因为环保影响着家人的健康。目前我们国内人造板材执行的是GB18580到2017为标准，既E1级小于等于0.124毫克每立方米。提醒大家所谓的E0级是企业的内定标准，不是国家标准。如果对更高环保有更高的追求，也可以考虑欧标E1日标F4或者ENF，前提是务必要求商家出具相关板材的正规检测证书，检查是否符合标准。,,,,,,,,,,,,
如何找到靠谱的全屋定制,4、背板厚度是什么,,,,,,,,,,,,
如何找到靠谱的全屋定制,柜子的背板是柜子最薄弱的地方，就好像人的脊梁，一旦背板塌腰了，柜子的寿命也就结束了。所以柜子能用多久，背板的厚度和标准起到至关重要的作用。目前市场的全屋定制柜子的背板有5毫米的密度板，和9毫米的颗粒板。安装方式是卡槽结构和枪钉两种方式。当然背板9毫米颗粒板加卡槽结构最稳定，卡槽结构安装是背板不靠墙，避免因墙体防潮所引起的柜子受潮变形问题。,,,,,,,,,,,,
如何找到靠谱的全屋定制,5、搞清楚增项收费,,,,,,,,,,,,
如何找到靠谱的全屋定制,都说全屋定制坑多水深，往往是因为没了解清楚都有哪些额外增项收费，就仓促地交了定金，等到马上要订货下单时才发现需要交的全款，和当初预算差距很大，无法接受。橱柜的增项包括燃气管包柱，抽屉、拉篮等功能五金件，踢脚板、调整条、侧封板等附件，都需要额外收费。衣柜包括，铰链、挂衣杆、滑轨、拉手等五金，见光板、收口条等附料，需要单独收费。如果预算有限，全屋定制五金都可以单独采购，价钱可以节省一半。,,,,,,,,,,,,
如何选择全屋定制品牌,工厂规模和生产设备这包含两个方面：厂家的产能以及产品质量，因为终端客户选择定制家具是和新房装修同时进行的，这就要求定制家具厂家产能一定要跟得上，不能新房都装修好了，定制的家具还正在生产中；还有就是产品质量，这个和厂家的生产设备和工艺密切相关，定制家具属于大宗耐消品，一般都要使用十年、二十年，所以产品质量一定要用保障。,,,,,,,,,,,,
如何选择全屋定制品牌,品牌宣传现在已经不是“酒香不怕巷子深”的年代了，再好的产品也需要品牌宣传的支撑，终端客户在消费的时候一般都会选择自己耳熟能详的品牌，此外，强大的品牌宣传也是厂家实力雄厚的一个见证，比如全屋定制行业的易高定制家居，实现央视、高铁、高炮、明星代言、机场、网络等全覆盖。,,,,,,,,,,,,
如何选择全屋定制品牌,对加盟商的运营支持由于全屋定制家具是近几年才新兴的行业，很多初次进入这个行业的投资者，并不是很熟悉产品以及店面运营，这就要求厂家要对加盟商进行全面的培训和支持，包括产品、软件、行业相关知识培训已经店面运营的扶持。,,,,,,,,,,,,
如何选择全屋定制品牌,厂家的售后服务体系上面已经说过，定制家具是大宗耐消品，一般家具使用年限都是十年、二十年，而且家具又是和消费者日常生活密切相关的产品，这就要求厂家要有完善的售后服务体系，能够及时解决终端客户的实际问题。,,,,,,,,,,,,
如何选择全屋定制品牌,不能选太小的厂商，因为质量没有保证，比较推荐中型的代加工工厂，大型的工厂客户是品牌商，不会接个人的小订单；,,,,,,,,,,,,
如何选择全屋定制品牌,市面上所有号称工厂直营店的实体店铺，80%都只是中介商而已，很少有工厂真的开直营店；,,,,,,,,,,,,
如何选择全屋定制品牌,可以组织小区其他业主去中型工厂团购，会拿到更多折扣；,,,,,,,,,,,,
如何选择全屋定制品牌,全屋定制国产板成本低，品牌溢价严重,,,,,,,,,,,,
如何选择全屋定制品牌,为什么花高价买了大牌，还是E0级的板子，板材味道大、品质问题频出、维权困难？,,,,,,,,,,,,
如何选择全屋定制品牌,我们有时候会盲目信任品牌效应，以为产品质量和服务都有保障，其实全屋定制这一行并没有什么统一的行业规范。,,,,,,,,,,,,
如何选择全屋定制品牌,大品牌为啥都自产板材？有些品牌会用到大亚板、吉林森工、进口爱格板这些还不错的品牌板材，而国内市场上你叫得出名字的大牌橱柜，一般不用进口板材，而是自己工厂生产或从东南亚进口的便宜板材，板材性能差不多，环保指数比爱格板和那些大品牌的板子要低很多，成本低，品牌效应的溢价却很高，品质与定价不相匹配，消费者自然难买账。,,,,,,,,,,,,
如何选择全屋定制品牌,花高价买没保障的国产板不如一步到位买进口板材，如果你追求环保，就选进口爱格板，环保等级为F4星，甲醛排放标准是≤0.3mg/L，这是目前最严格，也是唯一可以宣称任意空间内不限制板材使用量的标准。,,,,,,,,,,,,
如何选择全屋定制品牌,爱格板目前在国内很受欢迎，因为是进口板材，成本本身就高，如果你看到比国产品牌还便宜的爱格板就要留个心眼了，需要仔细分辨真假。,,,,,,,,,,,,
如何选择全屋定制品牌,一、全屋定制品牌只是一个参考，能不能做好你家的定制，跟品牌所在的城市代理商团队有关，跟你对接的设计师有关，跟你安装的师傅有关；再说了定制品牌也可能在当地找小工厂代工，你只是买了个牌子而已，货却不是总部发来的。,,,,,,,,,,,,
如何选择全屋定制品牌,二、为啥有的定制工作室喜欢用爱格或者福人等板材，因为品质各方面很有保障，板材的环保、花色、性能决定了定制柜子的使用和颜值；另外有些区域性板材品牌的品质并不输大品牌板材，因为大品牌板材也有很多授权生产的板材；MDI聚氨酯粘合剂，安全和稳定性优异，国内是万华化学生产。,,,,,,,,,,,,
如何选择全屋定制品牌,三、业主选择定制，重点应该是板材品牌、五金品牌、工厂生产线、商家的测量设计安装服务落地能力；那些把工作重点放在营销上的定制品牌是应该避开的，大量成本叠加，最终还是业主买单，结果是品质下降，业主钱还没有少花；有些定制品牌把工作重心放在产品上，放在服务上，遇到了就别错过。,,,,,,,,,,,,
如何选择全屋定制品牌,四、全屋定制行业没有广义的性价比，只有狭义的性价比，定制家具的价值取决于板材、五金、设计、生产、安装、售后等多个环节，业主和定制商家需要在价格上互相妥协找到双方的平衡点，才能成功合作，如果不平衡，不是商家吃亏，就是业主吃亏，你对各环节的认知越清楚，就越能明白什么叫综合性价比。,,,,,,,,,,,,
如何选择全屋定制品牌,五、套餐和团购是全屋定制行业典型的向下报价方式，先把客户吸引过来再说，与其被商家的低价策略吸引，再被各种套路加价到超过预期，不如确定自己的配置让各个商家报价对比。,,,,,,,,,,,,
如何选择全屋定制品牌,六、投影面积和展开面积的报价方式是市场决定的，展开面积报价多用于工厂和商家，投影面积多用于业主和商家，展开面积要比投影面积精确，透明，但是全屋定制发展多年，不管哪种报价方式，都没有多大区别，如果是无良商家，哪种方式都可以坑你，如果是良心商家，哪种方式都不会坑你。,,,,,,,,,,,,
如何选择全屋定制品牌,七、任何行业都是买的没有卖的精，业主做定制能不能顺利落地，不取决于掌握了多少板材五金知识，而在于定制商家的人品，这是定制的最大战略方向；定制商家的从业资历和资源决定了能帮你避开很多坑，替你筛选掉行业很多不合格的因素。,,,,,,,,,,,,
如何选择全屋定制品牌,八、这点单拉出来说，每天搜索全屋定制十大品牌这个词的业主很多，但是没有什么十大品牌，指望这个指导自己的定制决策，很容易翻车，还是那句话，定制品牌大小跟你家的落地效果关系不大，而在于你直接对接的人，老板，设计师，安装工。,,,,,,,,,,,,
如何选择全屋定制品牌,市场上买家具的原则，其实简单，多花点钱买品牌家具，还多少有点保障，即使专业人士自己买家具，如果不知对方的底细，也只能是遵循这个原则。,,,,,,,,,,,,
价格体系,高级餐厅（红星/居然一线品牌：最好的位置）：顶层客户，价格不敏感，有逼格，有调性，有价格。进了商场就别想便宜这是真理，同样的产品在商场体系一定是成本高的，当然也意味着报价高。反正我觉得，真正有这个消费能力的人也不会看看这个文章，多数去红星等商场消费的并不是真正有消费实力，而是没得选没得逛。,,,,,,,,,,,,
价格体系,家常菜馆（一般在写字楼里，还有就是商场不起眼的位置，例如郑州的在五栋大楼比较多）：品牌不强，偏重与独立团队，大众消费，价格适中，有些设计感。主要要是因为把商场费用给节省出来了。不高冷，态度亲切。大部分家庭足以消费，比起商场要便宜很多，有调性也有设计（在我看来这个设计有非常大的空间可以提升）。相信大部分人是在这个层级。（当然他们也有不足，品牌意识，宣传这些。）,,,,,,,,,,,,
价格体系,路边摊（现场/工长介绍）：廉价消费（有些时候也不便宜），销售跑小区，不会有设计感。实在经济实力有限，或房子往外租考虑这个。（吐槽：这个黄道真的是这种风格和渠道的代表，）,,,,,,,,,,,,
不要迷信全屋定制品牌,大家在选择家具的时候，很多时候都是为了图省事儿而选择了品牌全屋定制，但是真的做过功课的业主就会发现，各大品牌全屋定制的翻车案例一抓一大把。,,,,,,,,,,,,
不要迷信全屋定制品牌,"定制品牌溢价率高
全屋定制市场已经白热化，加盟商为了维持正常利润点不得不抬高价格，所以品牌产品才有了很高的溢价率，市面上定制品牌价格虚高，品牌化严重，对于消费者来说溢价率高，性价比不高。",,,,,,,,,,,,
不要迷信全屋定制品牌,"品牌板材良莠不齐
很多品牌的全屋定制中很少有用真正纯进口的板材。有时候在经过品牌的精心包装后，大家在购买时很难得知自己选用的板材究竟是真正的品牌自有板材还是其他板材“包装”后而来的。",,,,,,,,,,,,
不要迷信全屋定制品牌,"家具定制的五金项是重中之重
在长期的使用中比较易坏的就是五金件，选择五金件品牌切勿选择厂家免费五金，其次五金品牌一定要做下功课，不要相信品牌特供等宣传噱头。对于消费者来说，选择进口百隆、海蒂斯等在国内运营得比较成熟的五金品牌是比较合适的，价格与品质至少对等。可以点击我们主页的文章，有专门的五金科普指南哦。",,,,,,,,,,,,
不要迷信全屋定制品牌,"切勿迷恋定制品牌，但要注重板材品牌
全屋定制买回家的不是品牌，您买回家的是实实在在放在家里的柜子，柜子由板材组成，后期稳定性、防潮性、甲醛释放量等等都是取决于板材品牌，而非因为购买的柜体是品牌定制就不释放甲醛了。",,,,,,,,,,,,
不要迷信全屋定制品牌,"留意设计师的审美和经验
设计环节要想沟通顺畅，一定要选择有设计思路、有审美能力和经验、回复及时、愿意在设计上磨合修改的设计师，否则就是交了钱达不到想要的效果，切勿看到了模版效果图就被人忽悠着练手了！",,,,,,,,,,,,
全屋定制品牌,"丽维家
目前我所知道的，用这个板材的厂商就是雷军投资的互联网木匠（丽维家）。我知道这个品牌是我朋友推荐的，她家用的是这个品牌的橱柜，在京东和天猫上都有店铺的，也可以实现全屋定制。比现在用爱格板的所有厂家的团购价还便宜。
对于丽维家，网友之前抱怨过它家设计一般、工期拖，然后车间一般。我之前定了他家的橱柜，就服务体验来说，对于给我设计橱柜的小姑娘，我还是非常认可她的。很认真，很负责。最后因为某些原因和丽维家分手了，现在也觉得颇为遗憾。",,,,,,,,,,,,
全屋定制品牌,"我乐家居
成立于2005年8月28日，2015年，我乐家居将欧洲原创设计、研发能力和高效精准的生产能力延伸至全屋定制领域。我乐家居引进自德国IMA全自动生产线，坚持为消费者打造环保健康的厨房、家居生活，受到越来越多的消费者亲睐。2017年6月16日，南京我乐家居股份有限公司(简称“我乐家居”)正式在上海证券交易所挂牌上市，成功登陆A股主板，股票代码：603326。2016年我乐重磅邀请国民气质女神高圆圆出任品牌代言人，让专注于产品设计与技术研发的我乐拥有了最完美的品牌形象。
1.产品设计：高颜值产品打造高品位美家全屋定制行业的痛点之一在于产品相似性高，外观设计千篇一律，在此情况下，更高颜值的产品当然能够在第一眼就吸引消费者的注意。我乐家居将“美”作为追求的目标，以高颜值产品帮助消费者打造梦想中的高品位“美”家！2020年第四季度，我乐家居重磅推出的新品INGREECE格睿系列，就将现代时尚轻奢美与文艺复兴时期的古典雅致美，合二为一，深受当下90后群体的喜爱。
这款格睿系列全屋是由国民女神兼我乐家居品牌形象代言人高圆圆参与创作与设计的产品，设计独特、颜值爆棚，一经推出便在网络上引起大量关注，火爆出圈！
2.品牌态度：原创生命力追求美而不同当然，我乐家居的厉害之处，不仅仅在于高颜值的产品外观设计，还有坚持“原创专利设计”的品牌决心和态度。随着消费的不断升级，越来越多消费者在购买产品的同时，更加看重品牌的附带价值，全屋定制行业也不例外。我乐家居自2005年成立以来，先后签约多位国际知名设计师和数百位国内顶尖设计师，坚持走“原创设计”道路，打造自身差异化竞争优势，让产品“美而不同”。并且我乐还保持着每年至少2次的产品上新速度，力求为消费者带来更贴近时代需求的家具产品，其品牌所传递出来的原创生命力不断打动消费者，收获广大用户的认同，逐渐赢得了好口碑，成为了诸多全屋定制消费者的品质之选！
3.品质售后：全方位服务让售后无忧全屋定制品牌不仅要做到产品品质好，更要在售后服务等各方面为消费者带来全方位良好体验，真正做到为消费者服务，才能获得消费者的青睐。我乐家居在行业内普遍实行三年质保的市场环境下，率先推出五年质保服务，延长质保期限，让消费者无忧。
与此同时，我乐家居设立全国统一智能售后服务热线，及时高效地为客户提供售后反馈。在接通反馈电话后，我乐的客服团队能够从自身智能系统中第一时间获取用户的历史业务信息，从而提供针对性的解决措施，使得售后过程更加高效省心。我乐家居不仅产品颜值高、售后服务完善，更是以“坚持原创设计”的品牌态度收获了主流消费者的青睐！",,,,,,,,,,,,
板材厚度,16或18mm。进口品牌有用16mm的，比如宜家。国内的定制橱柜、定制衣柜品牌，用的隔板是18mm厚。而且大部分跨度都在60~80cm，不会超过90cm，确保它能够承受足够的重量，不会变形。,,,,,,,,,,,,
板材的环保等级,"E级一个国际通用标准，什么叫E级，一般带后缀E0,E1,E2。",,,,,,,,,,,,
板材的环保等级,这个E指的是什么？全称是EGGER（没错，就是爱格板），因为整个国际板材的标准就是爱格制定的。,,,,,,,,,,,,
板材的环保等级,E1/E2：欧洲标准，E1是适合家用，甲醛排放量是1.5mg/L,,,,,,,,,,,,
板材的环保等级,E0：中国特色，初期是商家炒作概念，早期国内所讲的E0是等于欧标E1级的，08年的时候从炒作被写进市场标准，成了所谓新国标E0：≤0.5mg/L。,,,,,,,,,,,,
板材的环保等级,基本上国内凡是用胶的板材基本上没有达到这个新国标E0标准的，更多的是E1级。,,,,,,,,,,,,
板材的环保等级,小部分日本进口的板材可以达到环保极致日标：F4★★★★,,,,,,,,,,,,
板材的环保等级,全屋定制选欧标E1级颗粒板，也可以选日标F4星（这个并不多见，无印良品的部分出口家具能达到这个水平）,,,,,,,,,,,,
板材的环保等级,目前国内沿用欧洲环保标准，就是我们常说的E1/E2，国家强制室内使用标准是E1，建议标准是E0，欧洲强制标准也是E1（这个标准设立的年代过于古老），但欧洲家用只认F★★★★,,,,,,,,,,,,
板材的环保等级,国标的意思实际上是，绝对不能低于这个标准，再低就要出事啦！它规定的是一个下限，而不应该是我们居家使用的标准。每个使用E1级别板材的品牌商都会告诉我，其他品牌名义上说是E0，其实和E1差不多。,,,,,,,,,,,,
板材的环保等级,E级别的板材，甲醛释放量的鉴定是相关鉴定机构送检。送检就是板材厂家拿做好的板送到机构里，检查合格，那么之后所有的板材均按此次检验标准盖章。到这里，想必各位也就了解中国商人的尿性了。,,,,,,,,,,,,
板材的环保等级,F系列是日本标准。其最高环保等级F★★★★，也是国际最严格的健康标准，比欧标E0更进一步。,,,,,,,,,,,,
板材的环保等级,F标板材最大区别于E标，在于胶合剂不同。F★★★★板材采用酚醛树脂取代脲醛树脂作为粘合剂。酚较于脲，成本更加昂贵，加工工艺更加复杂，但是其分解挥发甲醛的条件非常高，而脲是在常态下既能分解挥发甲醛。,,,,,,,,,,,,
板材的环保等级,重要的一点，F系列板材在整个国际上只支持抽检，即最大程度上保证了每块板的品质统一。,,,,,,,,,,,,
板材的环保等级,NAF是美国加州颁发的无醛豁免认证，近几年随着禾香板的出现也开始活跃于网络。由于该认证相对小众，而且禾香板本身原材料导致的韧性不足，做禾香板的品牌除了好莱客，其 他几家也并没有大力推广该板材。好莱客对于衣柜书柜的跨度，一直都非常在意。,,,,,,,,,,,,
板材的环保等级,全屋定制需要用到这么多板材，甲醛的释放时间为10年之久，如果前期不关注环保问题，家居污染隐患大，严重影响自己和家人都健康。,,,,,,,,,,,,
板材的环保等级,了解过全屋定制的朋友都知道，基本全屋定制的商家都说自己是E0级别，其实E0在早期是商家自己炒作概念，早期国内所讲的E0等于欧标E1，08年的时候从炒作被写进市场标准，成了所谓新国标E0：≤0.5mg/L。所以是否是EO级别，要看检查报告的甲醛释放量是否≤0.5mg/L，是否符合EO级标准。,,,,,,,,,,,,
板材的环保等级,也许你还听过有商家向你吹嘘自家产的国产板是比E0还牛的F4星，这明显就是在忽悠消费者，F4星是日本环保标准最高的健康等级，更被认为是国际上最健康的环保标准之一（比如进口爱格板是F★★★★），但不是我国执行和承认的标准，所以国产板说自己是F4星明显是在偷换概念。,,,,,,,,,,,,
板材的环保等级,如果不是虚假宣传，只有一种可能，那就是国内板材企业自主研发的产品送样到NSK日本建筑仕上材工业会，按照F4星游离甲醇检测要求进行检测，符合其环保标准，授予该认证证书。（这种情况非常少）,,,,,,,,,,,,
板材的环保等级,还有宣称自己是“无醛板”的，全实木都做不到，大家就听听罢了。,,,,,,,,,,,,
板材的环保等级,大家还是要看官方机构提供的检验报告，不过这年头检查报告都作假，那些A4纸打印的检查报告都不能信。,,,,,,,,,,,,
板材的环保等级,还要注意查看检测单位的资质，正规权威的检测机构必须拥有CMA省级技术监督局颁发的检测资质认证合格证书（红色），以及CAL与CNACL等标志，拥有上述标志的单位出具的检测报告才最有权威性，同时具有法律效力。如果不全，至少得有CMA这一项证明。,,,,,,,,,,,,
板材怎么选,主要看三大性能：稳定性和防潮性决定了板材的物理性能，而环保性则决定了我们使用的安全与否。,,,,,,,,,,,,
板材怎么选,"环保性
很多人在选板材的时候首先关注的就是板材的环保性，而一般我们看板材是否环保，主要就集中在板材的甲醛含量上面。
人造板材是最为人熟知的甲醛释放源，主要有胶合板、细工木板、中密度纤维板和刨花板等人造板材。无醛不成胶，这类板材都需要使用胶黏剂，而胶黏剂是以甲醛为主要成分的含醛树脂，以脲醛树脂为主。脲醛树脂因价格低廉，胶合性能好，被大量使用。
要考虑环保性能，考虑板材中是否含有甲醛、苯、酚等。",,,,,,,,,,,,
板材怎么选,"稳定性
除了要注意环保性以外，稳定性也至关重要，直接决定了板材的使用寿命甚至是安全性，要判断选择的板材是否稳定，可以看两点：","1.握钉力
在定制家具中，要用到大量的五金件，比如螺丝、铰链等等，这些五金件能否稳固地与板材结合，体现的就是板材的握钉力。
通俗一点来讲，就是钉子进到板材里面后，是否容易固定钉孔，是否容易松动脱落。
握钉力好的板材，对于钉子的固定力比较强，钉子长期使用也不容易脱落，并且能够承受更多的重量，对于钉子的钉孔，也是能够反复进行使用。
握钉力差的板材，用久了钉子容易松动，家具就可能变形、晃动、出现异响，甚至散架，不仅影响家具使用寿命，还可能威胁家人安全。",,,,,,,,,,,
板材怎么选,,"2.静曲强度
静曲强度指的是板材在受力弯曲到断裂时，它能承受的压力强度，简单地说就是“多少力能把板材压断”。
静曲强度指数低，那么板材在受力后就容易发生变形、开裂等情况，使用时的损坏概率、出现断裂现象的概率会很高，使用寿命短且安全隐患大。
静曲强度与原材料、树龄年限、加工工艺等都有关系，想要板材耐用，在选板材的时候可以问问树龄，一般在15-30年的木材会比较好。
不过，除了板材本身，定制家具的样式设计也对静曲强度有影响，如果将柜子的层板跨度做得特别大，那无论是什么板材，都有可能会发生变弯的情况。",,,,,,,,,,,
板材怎么选,"防潮性
防潮性指的是板材的“吸水膨胀率”，板材遇水膨胀的程度，在一定程度上决定了板材是否容易变形。
人造板材的吸水膨胀率的检测标准是2h，就是截取一段板材，放水里泡两个小时，看看是否变形。",,,,,,,,,,,,
板材怎么选,"胶黏剂
在选择板材时，最直观分辨方式就是依据板材的环保等级，而黏合剂是板材甲醛含量的头大“贡献者”，黏合剂的使用直接影响到板材环保等级。",分辨技巧：挑选时在密闭空间感受一下是否有异味和刺激鼻子眼睛。,,,,,,,,,,,
板材怎么选,"基材厚度
基材好不好，先看厚度和层次感，好的基材厚度均匀，层次感好，无空洞，重叠现象，板材表面平整光滑，无鼓包。",分辨技巧：在光线稍暗的地方45度角看长的一面，是否有凹凸不平。,,,,,,,,,,,
板材怎么选,"浸渍剥离
检查装饰纸是否与板面贴牢，好板材经过多道生产工序，装饰纸面与基材肯定是毫无间隙。",分辨技巧：用强力胶粘住板材后用力拉，看是否把装饰纸面拉掉，或用手在横切面上抠一下，能不能把最上面的纸抠掉。,,,,,,,,,,,
板材怎么选,"1、曲翘度
比如我们要做到顶的柜子，柜门会不会容易翘？需不需要加拉直器？翘度较低的是颗粒板和密度板，较高的是多层板，层数越多强度越大曲翘度越高。曲翘度高低是判断颗粒板好坏的重要指标，比如爱格板就比普通的国产板材能做得更高更直。",,,,,,,,,,,,
板材怎么选,"2、切割爆尺性
边缘不平整不一定是封边的问题，有可能是因为切割爆齿。这跟切割机有一定关系，但主要影响因素还是板材本身，比如生态板就非常容易爆尺，一些颗粒板也容易（是否容易爆齿也是判断颗粒板好坏的重要指标），密度板就不容易。",,,,,,,,,,,,
板材怎么选,"3、切割边缘平整度
封边好坏，除了爆齿之外，边缘平整度也很关键，切割下去，这个边平整不平整，自然会决定了封边效果。比如通常同样的一台机子封出来的多层板和颗粒板的效果对比嘛，多层板就要差一点。",,,,,,,,,,,,
板材怎么选,"4、防水性
在防水防潮性上多层板最强，次之是生态板，颗粒板，最不防水的是密度板，多层板也会经常用到浴室柜和墙板上面。橱柜跟浴室柜不同，通常只水盆柜的地方需要防水，也可以通过水盆柜内部加三面铝箔进行防水处理。",,,,,,,,,,,,
板材怎么选,"5、环保性
实木环保性最强也最贵，但如果我们同时比较价格和环保性，在同样的价格下，比如同样600元每平的衣柜，颗粒板就比多层板要更环保。因为通常多层板的层数越少越环保，三层就可以称作实木了，五层七层的也不错，但市面上多层价格不高的至少在11层以上，用胶多自然也不环保了。同等价格基础上，环保性排序是：颗粒板>密度板>多层板",,,,,,,,,,,,
板材怎么选,"6、可造型性
密度板可以做平面凹槽造型，所以很多吸塑烤漆门板都会用密度板。",,,,,,,,,,,,
板材怎么选,"7、抗开裂变形性
这点颗粒板，密度板，多层板都不错。实木就相对比较金贵一些，比较容易受潮变形。",,,,,,,,,,,,
板材怎么选,误区一：只看外观？,,,,,,,,,,,,
板材怎么选,劣质板材“打扮装饰”迷惑消费者，外观和优质板材无异，质量天壤之别，外观不能作为板材好坏的标准。,,,,,,,,,,,,
板材怎么选,误区二：越厚品质越好？,,,,,,,,,,,,
板材怎么选,不要过分追求板材的厚度，符合标准满足使用需求，例如衣柜门主要是起遮挡作用，尺寸过厚增加五金件的负重，影响衣柜的使用寿命。,,,,,,,,,,,,
板材怎么选,误区三：没有异味=不含甲醛？,,,,,,,,,,,,
板材怎么选,板材没有异味不等于没甲醛，超标2—3倍闻不到明显异味，但实际上超标2—3倍时已经构成轻度污染，会对人体健康产生不良影响。,,,,,,,,,,,,
板材怎么选,误区四：进口板材，质量最好？,,,,,,,,,,,,
板材怎么选,1、先看品牌,,,,,,,,,,,,
板材怎么选,无论什么板材，尽量选择大品牌，比如：兔宝宝、千年舟，大王椰、莫干山、露水河、鹏鸿、万华、爱格、福庆板材、雪宝、索菲亚、好莱客、欧派、志邦等。大品牌有基础的保障,,,,,,,,,,,,
板材怎么选,2、同品牌中看价格,,,,,,,,,,,,
板材怎么选,同一个品牌中选择板材，价格高的肯定比价格低的各方面更好一些，一分价格一分货。比如：欧派、索菲亚是定制商，他们用的板材是从板材商那里买的。比如其高端的康纯板净醛板之类的，都是万华代工的基材，然后找代工厂贴皮的。低端套餐是找的小板材商买的颗粒板。（尽量不要买套餐！！,,,,,,,,,,,,
板材怎么选,3、看胶水,,,,,,,,,,,,
板材怎么选,尽量选择不释放甲醛的胶水：如MDI胶传统的胶水：脲醛树脂胶（UF）、酚醛树脂胶（PF）三聚氰胺树脂胶（MF），会释放甲醛导致室内甲醛超标！,,,,,,,,,,,,
板材怎么选,异氰酸酯类胶黏剂（MDI）俗称无醛胶，除了无醛添加外，优点在于：耐水、耐候性能优良，尤其是在隔热、隔音、耐磨、耐油、弹性等方面有其它合成材料无法比拟的优点，化学性质十分稳定，不易挥发变质，具有很强的稳定性。同时，苯、TVOC的释放量也趋于零。,,,,,,,,,,,,
板材怎么选,除以上几种胶水：还有PUR无醛胶黏剂、改性大豆蛋白基胶黏剂、改木质素基环保胶黏剂、,,,,,,,,,,,,
板材怎么选,4、看封边,,,,,,,,,,,,
板材怎么选,封边是为了遮丑＋封闭，封边后的板材更美观更耐用，当然在环保上也让人更放心一点。,,,,,,,,,,,,
板材怎么选,更好的密封，则意味着更好的防潮、抑菌，解决吸水膨胀、回南天发霉等多种困扰大家日常使用的顽疾。,,,,,,,,,,,,
板材怎么选,EVA胶是目前市面上最主流、最常见的封边胶，工艺简单，成本较低，但是涂胶量大，这也直接导致胶线更明显，美观度也略差。EVA胶在超过70度的高温环境下容易软化，导致粘合强度下降。特别是在卫生间、厨房这样相对高温高湿的场景下，EVA封边的劣势就会更加明显。,,,,,,,,,,,,
板材怎么选,PUR胶的价格是EVA胶的3—4倍，但是涂胶量少1倍左右， 胶线更不明显，PUR胶一旦反应过后，就不可逆，不会像 EVA胶那样会存在高温下软化的现象。PUR封边设备前几 年只能靠进口，这些年在解决了国产化之后，开始逐渐普及，整体的成本还在下降中。,,,,,,,,,,,,
板材怎么选,激光封边特点：美观无胶线＋彻底封闭板材 边缘圆润光滑，没有胶痕、环保、其耐热性和耐光性能都非常不错， 但是：激光封边的技术，无论是封边带本体还是封边机， 都还没有被国内攻克，所以无论是每台420万起价的设备投入，还是每米好几块钱的激光封边带（要知道国产的 PVC封边带可是论斤称的），对小厂而言是无法承担的。 所以大部分宣传激光封边的节本都是营销噱头，最后做 出来的可能就是PUR封边。,,,,,,,,,,,,
板材怎么选,总结：激光封边＞PUR封边＞EVA封边,,,,,,,,,,,,
板材怎么选,5、看环保等级：,,,,,,,,,,,,
板材怎么选,现在E1级基本上很少家庭会用了，基本EO居多，追求环保F4星、enf。环保等级越高，价格越贵,,,,,,,,,,,,
板材怎么选,1、看。,,,,,,,,,,,,
板材怎么选,看板材上面的防伪标志，正规板材都是有防伪标志，一板一标，可以查询真假。,,,,,,,,,,,,
板材怎么选,看板材上面的印码，一般分为E0、E1、E2，E0最好，甲醛含量最低。,,,,,,,,,,,,
板材怎么选,看板材木芯，木芯越宽，缝隙越小为好板材，劣质板材缝隙大，多用腻子粉堵实。,,,,,,,,,,,,
板材怎么选,看板材厚度，厚度与板材标称是否一致。比如1.5cm板材，劣质只有1.3cm。,,,,,,,,,,,,
板材怎么选,2、听。,,,,,,,,,,,,
板材怎么选,可以抬起板材上下晃动，如果出现脱胶或者开裂的声音，说明板材质量有问题，不能购买。,,,,,,,,,,,,
板材怎么选,敲击板材表面，如果声音清脆，说明密度高是好板材，如果声音沉闷，说明密度低为劣质板材。,,,,,,,,,,,,
板材怎么选,3、闻。,,,,,,,,,,,,
板材怎么选,好的板材闻起来有种清香的木材味道，说明甲醛含量少，如果闻起来有刺鼻味道则为劣质板材。,,,,,,,,,,,,
板材怎么选,4、摸。,,,,,,,,,,,,
板材怎么选,摸板材两面，表面平整有光泽不刺手为好板材，凹凸不平为差板材。,,,,,,,,,,,,
板材怎么选,劣质板材多为旧料和腻子粉组成，甲醛含量超标，对身体健康危害特别大。购买好板材最保险的方法还是去正规建材市场，购买知名品牌板材。,,,,,,,,,,,,
板材怎么选,木工板常见知名品牌。,,,,,,,,,,,,
板材怎么选,福汉。千年舟。莫干山。大王椰。天京。兔宝宝。,,,,,,,,,,,,
板材怎么选,雪宝。,,,,,,,,,,,,
板材怎么选,木饰面安装，基层相当重要，基层材料越厚，表面越平整，最终效果才会完美，希望大家安装木饰面都不踩坑。,,,,,,,,,,,,
颗粒板,其一 生产原料成本低 颗粒板的原料其实就是木屑，用木材的小料打碎做的，利用率能够达到95%，在环保方面其实是享受国家政策的支持和鼓励的。板材环保不环保，不是看板材的种类，而是要看板材使用了什么胶。能把颗粒板做到环保等级国标E1以上需要一定水平的，说明这些大牌的工厂用的胶黏剂、封边技术和加工工艺都是不错的。,原料：原木打碎，两边使用细密木纤维，中间夹长质木纤维，施加胶粘剂后在热力和压力作用下胶合成的人造板。,,,,,,,,,,,
颗粒板,其二 颗粒板更容易进行标准化工业化生产 这样就可以有效控制成本。同样的成本，可能其他板材的材料成本要占到成本的50%，那么颗粒板可能只占到成本的40%，也就意味着商家在服务客户的过程里有更多的空间。,承重力：4星,,,,,,,,,,,
颗粒板,其三 不易变形开裂 颗粒板虽然说它的防水性和握钉力要差一些，但是它的变形系数和开裂系数是远小于其他板材，做衣柜是非常合适的。颗粒板的含胶量比多层实木板要高，如果用的是MDI胶和大豆胶，甲醛的释放量都是在国标范围之内，选用这样的颗粒板环保性能是有保障的。,抗弯曲能力：4星,,,,,,,,,,,
颗粒板,其四 可以有效控制商家的成本 厂家从成本经济出发，颗粒板是有利于大规模成批量生产加工的，它的加工精度比其他类型的板材都要高，成本低，供应量稳定，它既能保证单品利益的最大化，所以相对来讲，也会便宜。一般情况下，颗粒板定制的家具不容易出大问题，颗粒板稳定性比较好，不易变形。售后比较轻松。因为对于定制来说，售后往往是最麻烦的，后期会涉及到很多的运营及售后服务费用。,防潮性能：3.5星,,,,,,,,,,,
颗粒板,颗粒板是由木材或其他木质纤维素材料制成的碎料，两边使用细密木纤维，中间夹长质木纤维，施加胶粘剂后在热力和压力作用下胶合成的人造板。优缺点：颗粒板正因为它是木质碎料拼接的，所以它表面平整细腻、不会有节子，虫眼等瑕疵存在，稳定性较好，材质均匀，加工会用到较多胶水，环保性能会比不过多层板，防潮性能高于生态板，握钉力稳定性高于生态板但是低于多层板。,环保性能：3.5星,,,,,,,,,,,
颗粒板,以桉木、杨木和松木等速生木材为原料，机械粉碎成颗粒状再加胶水高温高压压制而成，简单理解为，里面是木材粉碎后的颗粒，颗粒比较大，成型时所需的胶水量很少，最容易做成环保性高的板材，轻松可达到最新的国标E1级别，颗粒板的强度也很好，表面的平整度也相当高，最经常被用作柜体的承重侧板和层板,是否易于造型：2星,,,,,,,,,,,
颗粒板,环保4颗星，强度4颗星，造型2颗星，防潮2颗星，稳定性5颗星,握钉力：4星,,,,,,,,,,,
颗粒板,国产：大亚，吉林森工露水河，鼎峰（河南品牌），东湖。,是否利于加工：4星,,,,,,,,,,,
颗粒板,进口：EGGER爱格，Kronospan克诺斯邦，Cleaf可丽芙（比较小众,性价比：4.5星,,,,,,,,,,,
颗粒板,有没有发现，不管你是去看国内家喻户晓的某欧pai某金…还是进口一线品牌，导购都在给你推荐颗粒板‼️,忌用包覆门门板,,,,,,,,,,,
颗粒板,可是在网络上，那些家居博主，装修大V都在告诉你颗粒板是最差的板材。俗称垃圾板…好多新手小白完全没有方向。在选择全屋定制的时候越选越迷茫！,适用橱柜衣柜柜体,,,,,,,,,,,
颗粒板,其实颗粒板并不是板材中最差的，反而它的优点很明显！,,,,,,,,,,,,
颗粒板,颗粒板=刨花板=实木颗粒板。这几个名称也是一回事。英文名称：Particleboard.,,,,,,,,,,,,
颗粒板,很多人一听到颗粒板的反应就是：垃圾！,,,,,,,,,,,,
颗粒板,如果颗粒板是垃圾的话为什么国际上主流的的人造板都是颗粒板呢？,,,,,,,,,,,,
颗粒板,刨花板也叫颗粒板，将各种枝芽、小径木、速生木材、木屑等切削成一定规格的碎片，经过干燥，拌以胶料，硬化剂、防水剂等，在一定的温度压力下压制成的一种人造板，颗粒排列较均匀。,,,,,,,,,,,,
颗粒板,颗粒板内部颗粒大，所以成型需要的胶粘剂较少。,,,,,,,,,,,,
颗粒板,颗粒板的生产方式和结构特点，决定了它的下限可以很低，上限又可以很高。而这里面的关键就在于制作颗粒板所使用的原料和胶粘剂。,,,,,,,,,,,,
颗粒板,那么颗粒板该怎么选？国外的颗粒板就一定比国内的颗粒板好吗？,,,,,,,,,,,,
颗粒板,不好意思，关于这个问题，我的回答是：YES!,,,,,,,,,,,,
颗粒板,像EGGER爱格、克诺斯邦等国外品牌都遵循着可持续发展原则，执行着严格的标准。他们的木材原料，都来自欧洲经过PEFC和FSC认证的森林的木材，主要为亚寒带的针叶树。,,,,,,,,,,,,
颗粒板,爱格的木材原料主要来自云杉和松木。,,,,,,,,,,,,
颗粒板,另外，像爱格板还会使用1/3左右再生材料，促进木材原料的循环利用。,,,,,,,,,,,,
颗粒板,颗粒板的原料以针叶树的最好，其次是阔叶树。针叶树材的木纤维较细长，纤维得率高；而阔叶树材的纤维较短，木质软硬差异较大。,,,,,,,,,,,,
颗粒板,而我国东北地区执行封山育林政策，几乎没有什么木材原料可以提供。颗粒板原料多取自速生木林区间伐材、小径材(直径通常在 8厘米以下)、采伐剩余物和木材加工剩余物等。加工成片状、条状、针状、粒状的木片、刨花、木丝、锯屑等，称碎料。,,,,,,,,,,,,
颗粒板,"此外,非木质材料如植物茎秆、种子壳皮也可制成板材,其定名往往冠以所用材料名，如麻秆(刨花)板，蔗渣（刨花）板等。",,,,,,,,,,,,
颗粒板,我国颗粒板厂商本就存在规模小，设备技术落后的问题，加上许多企业不注意产品质量，把树皮和中纤板生产出的粉尘等都用作刨花板的原料；为了压缩成本低价促销，许多企业更多会选择成本最廉价的脲醛胶，导致了国产的颗粒板普遍质量较差，而且大多存在甲醛严重超标的问题。种种这些拉低了颗粒板下限的做法，以致于很多人对颗粒板的印象就是：垃圾！,,,,,,,,,,,,
颗粒板,当然，国内还是有在认真做颗粒板产品的企业，比如吉林森工露水河、大亚、福人等等。我们不能一棍子打死。,,,,,,,,,,,,
颗粒板,你可以说劣质颗粒板是垃圾，但是不能说颗粒板都是垃圾。,,,,,,,,,,,,
颗粒板,颗粒板的内部纤维交叉错落结构，之间有相互作用力。各方向力基本相同，尺寸稳定，表面平整，板子韧性好，抗弯防变形，不容易折断，能承重，整体性能比较均衡。,,,,,,,,,,,,
颗粒板,由于内部结构不规则，首次握钉力不错，但再次打钉子握钉力就没那么好了，防潮性也比较一般。,,,,,,,,,,,,
颗粒板,性价比之王：对于刚需、预算有限的宝子是很友好的。,,,,,,,,,,,,
颗粒板,花色选择广：一般免漆类的产品做颗粒板的居多。可以满足不同风格的设计。比如奶油风就可以选择爱格板u702（网红款）还有好多人都喜欢的肤感PET做卧室衣柜。,,,,,,,,,,,,
颗粒板,品质也很不错：现在国内的很多大品牌拥有自己的生产线，比如水性科天就自己研发专利技术水性胶，板材可以达到国内最高等级ENF级！属于国货之光！！,,,,,,,,,,,,
颗粒板,进口的可丽芙更是板材中的劳斯莱斯，同样是颗粒板，它的价格可以和实木媲美！还有大家熟悉的爱格、克洛斯邦、日本住友等等…,,,,,,,,,,,,
颗粒板,颗粒板的属性：大家都知道原木具有湿涨干缩的特性，在面对像重庆这样爆冷爆热的天气时，很容易开裂变形。但是颗粒板不会啊，它的稳定性能很好，握钉力也不错。所以适用于任何空间（厨房、客厅、卧室……）,,,,,,,,,,,,
颗粒板,在选择全屋定制的时候请你一定要打破对传统板材固有印象。在预算合适的情况下，去注重全屋定制的设计、收纳、功能、以及对品牌的售后服务，落地能力进行对比。,,,,,,,,,,,,
颗粒板,优点：综合性能突出、结构稳定性强、环保性相对较好、吸音和隔音隔热性能好、表面平整，适合各种贴面；易加工、性价比高。,,,,,,,,,,,,
颗粒板,·缺点：防潮性一般、二次握钉力不佳；因内部为颗粒结构，不易铣型、部分工艺对加工设备要求高、不宜现场制作；市面上产品质量参差不齐，需好好分辨。,,,,,,,,,,,,
颗粒板,·推荐使用位置：厨房和卫生间以外的干区的柜门和柜体。,,,,,,,,,,,,
颗粒板,·推荐品牌：国外品牌有奥地利EGGER爱格板、德国KRONOSPAN克诺斯邦、意大利CLEAF可丽芙、西班牙FINSA芬萨等。国内品牌有吉林森工露水河、大亚、福人等。（有条件上进口的还是尽量上进口品牌）,,,,,,,,,,,,
颗粒板,刨花板，国内俗称颗粒板，是“最冤枉”的板材，在国外一直是最好的主力板种，但因为国内大部分行业都有的通病，臭的最快，一言难尽。,,,,,,,,,,,,
颗粒板,大品牌主要是推荐颗粒板，这个跟它高额的利润是脱离不了关系的，现在颗粒板推出了很多新名词：比如康纯板、无醛板、欧松板，这些本质上来讲都是颗粒板。当然也不是说颗粒板不好，只是性价比比较低，而且不太适合做有水地方的柜子，比如阳台洗衣机柜、橱柜，在这三种板材里颗粒板的防水性是最低的，颗粒板的颜色最多，样式最好看。,,,,,,,,,,,,
欧松板,"刨花板的衍生品。欧松板是一种定向结构刨花板，用大片的纯木头刨花，纵横交错压制而成的，整体结合更紧密，也叫OSB板、奥松板
欧松板通常是欧洲进口的，使用的胶黏剂要求严格。现在也有很多国产的了，价格便宜，性价比高。性能&用途欧松板比普通刨花板稳定性好，握钉力好，韧性好，受潮不易开裂变形，多用于房屋建筑材料或室内材料
说白了，欧松板可以直接替代大芯板来用的。中国高档酒店和办公楼用的就比较多，家庭装修相对少一些。主要原因是师傅用惯了细木工板。国外对欧松板的喜爱程度，可不止做墙体这么简单，还用来做衣柜、橱柜、地板、床等等","原料：木料削皮后打成2—7MM的薄片，采用MDI胶高温覆压而成。承重力：4星
抗弯曲能力：4星
防潮性能：4星
环保性能：4星
是否易于造型：3星
握钉力：3.5星
是否利于加工：4星
性价比：比较贵，打3.5星
忌用浴室柜，太浪费了
适用衣柜",,,,,,,,,,,
欧松板,1:欧松板是由 5-7cm的创片纵横交错的排列，重组了木质纹理结构，消除了木材内应力对加工的影响，使其具有更强的加工和防潮性能。,,,,,,,,,,,,
欧松板,2:欧松板与胶合板、中密度纤维板等板材相比，它的稳定性更好、材质也更均匀。且欧松板还可以向原木材一样进行砂、刨、钻、钉等加工。,,,,,,,,,,,,
欧松板,3:最重要的是欧松板使用的胶水是MDI胶——无醛环保胶，看某种板材环不环保最主要的就是看胶水，因为胶水就关系着环保系数，这种胶水环保的同时防水性能也是非常好的~,,,,,,,,,,,,
欧松板,欧松板缺点：,,,,,,,,,,,,
欧松板,表面不平整，价格小贵，表面粗糙限制了饰面加工能力，从而限制了在定制行业中的使用,,,,,,,,,,,,
欧松板,欧松板的用途：,,,,,,,,,,,,
欧松板,1装修行业：主要用于家庭使用，是MDF，细木工板，胶合板的升级换代产品,,,,,,,,,,,,
欧松板,2家具行业：由于重组木质结构具有承载及尺寸稳定性，加工性能优异，适用于制作家具,,,,,,,,,,,,
欧松板,3建筑工程：用于室内外结构用材及装饰用材，混凝土模板等,,,,,,,,,,,,
欧松板,4地板行业：实木复合地板基材，替代密度板，细木工板，胶合板，具有防潮，性能稳定，不变形的特点,,,,,,,,,,,,
欧松板,"推荐使用位置：
建筑材料，柜门柜体均可使用",,,,,,,,,,,,
欧松板,"选购小技巧：
首先看胶水，其次看密度和材料平整度，再就是问问能否提供检验报告",,,,,,,,,,,,
欧松板,你可以把它理解为颗粒板的升级版。是以小径材、间伐材、 木芯为原料，通过专用设备加工成长长的刨片（一般为40-100mm长、5-20 mm宽、0.3-0.7 mm厚），经脱油、干燥、施胶、定向铺装、热压成型等工艺制成的一种定向结构板材。,,,,,,,,,,,,
欧松板,它的表层刨片呈纵向排列，芯层刨片呈横向排列。这种纵横交错的排列，重组了木质纹理结构，彻底消除了木材内应力对加工的影响，使之具有非凡的易加工性和防潮性。,,,,,,,,,,,,
欧松板,由于OSB内部为定向结构，无接头、无缝隙、裂痕，整体均匀性好，内部结合强度极高，所以无论中央还是边缘都具有普通板材无法比拟的超强握钉能力。,,,,,,,,,,,,
欧松板,相比于其他人造板，OSB板的膨胀系数小，稳定性好，材质均匀，握钉力较高；由于其刨花是按一定方向排列的，它的纵向抗弯强度比横向大得多，因此可以做结构材，并可用作受力构件。它可以像木材一样进行锯、砂、刨、钻、钉、锉等加工，是建筑结构、室内装修以及家具制造的良好材料。,,,,,,,,,,,,
欧松板,另外，OSB板一般都是采用不含甲醛的MDI胶，环保性能方面也高于其他的普通人造板。像爱格、克诺斯邦等知名国外品牌都有OSB板产品，国内的一些品牌也推出了一些类似的产品，比如说兔宝宝的叫顺芯板，号称原料来自加拿大艾伯塔省80—120年成材的原始颤杨森林；千年舟的叫实木切片板，莫干山的就叫OSB板等等。,,,,,,,,,,,,
欧松板,如此看来，OSB板几乎没有什么缺点，为什么在全屋定制行业里很少看到使用呢？,,,,,,,,,,,,
欧松板,之所以受到限制的一个很大原因是各个品牌的OSB板都是素板，表面较之其他人造板材要粗糙，没有饰面，要做橱柜、衣柜是可以的但必须刷漆且颜色单一。因此，目前的全屋定制行业很少有使用OSB板用来制作柜门或柜体的。,,,,,,,,,,,,
欧松板,目前国内有些代理商在推巴西的板材厂商博纳克（BERNECK）推出的一种可饰面OSB板产品，据说是在普通OSB板的基础上，在其上下两个表层进行细料铺装而成，使其表面光滑平整，从而可以实现满足各种饰面加工。BERNECK博纳克成立于1952年，是全球最大的板材企业之一。其所有产品都来自人工林，木材原料为松木和柚木，遵循可持续发展原则，注重对环境的保护，是一家值得令人尊敬的企业。博纳克（BERNECK）的OSB板使用不含甲醛的PMDI胶，环保性能出色，通过美国加州认证CARB-P2和全美EPA认证。,,,,,,,,,,,,
欧松板,如果以上内容均属实，那么博纳克（BERNECK）产品质量是毋庸置疑的。,,,,,,,,,,,,
欧松板,但是，博纳克（BERNECK）在我国市场的管理似乎还比较不成熟，并没有国内的官网。因此也不像爱格和克诺斯邦那样可以在官网查询到有明确的经销商体系。,,,,,,,,,,,,
欧松板,同时，我在他们的国际官网上并没有查询到OSB板的饰面产品，只有颗粒板、中密度板、高密度板等。,,,,,,,,,,,,
欧松板,不明真相的我在此就不做推荐了，选用他们家板材产品的朋友请注意分辨真伪。,,,,,,,,,,,,
欧松板,国内的兔宝宝的生态板也有使用顺芯板作为基材的产品。莫干山、千年舟也有使用OSB板作为基材的生态板。可以根据自己的预算，选择相应的产品。,,,,,,,,,,,,
欧松板,大片定向刨花板，英文简写OSB，当年从国外引进时炒作了概念，现在俗称欧松板、澳松板。,,,,,,,,,,,,
欧松板,优点：防水防潮性能好、稳定性好、强度极高、握钉力强，承重能力强，易加工，几乎具备了其他人造板的各种优点,,,,,,,,,,,,
欧松板,·缺点：表面粗糙限制了饰面加工能力，从而限制了在定制行业中的使用。,,,,,,,,,,,,
欧松板,·推荐使用位置：主要用作建筑材料；柜门和柜体均可使用。,,,,,,,,,,,,
欧松板,·推荐品牌：国内品牌有兔宝宝、莫干山、千年舟。,,,,,,,,,,,,
澳松板,澳松板一种进口的中密度板，是细木工板、欧松板的替代升级产品，特性是更加环保。,,,,,,,,,,,,
澳松板,澳松板用辐射松原木制成，辐射松是以可持续发展为基础，主要使用原生林树木，能够更直接地确保所用纤维线的连续性。,,,,,,,,,,,,
澳松板,澳松板具有很高的内部结合强度，每张板的板面均经过高精度的砂光，确保一流的光洁度。不但板材表面具有天然木材的强度和各种优点，同时又避免了天然木材的缺陷，是胶合板的升级换代产品。,,,,,,,,,,,,
澳松板,"澳松板的上乘质量来自于特有的原料木材--辐射松(也有人叫新西兰松)，辐射松具有纤维柔细、色泽浅白的特点，是举世公认的生产密度板的最佳树种。
因此澳松板的湿度含量在6%～9%间生产规格允许厚度仅有0.2mm的装异直线膨胀允许1mm。",,,,,,,,,,,,
澳松板,"澳松板具有很好的均衡结构，具有平滑的边缘和优良的机械特性。它平滑的表面使得易于油染、清理、着色、喷染及各种形式的镶嵌和覆盖。
此外，澳松板天然纤维的优点，使其具有木材的强度和特性，同时还避免了木材的节疤和龟裂、含水膨胀率等款陷。",,,,,,,,,,,,
澳松板,澳松板一般被广泛用于墙面造型基层合做衣柜、书柜不会变形(甚至地板)、承重好、防火防潮性能优于传统大芯板、材料非常环保。,,,,,,,,,,,,
澳松板,1）不容易吃普通钉，欧松板和澳松板都有这个问题。国外木器加工大多用螺丝钉而不是大钉，就是为了便于拆卸及拆卸后不会损坏板材,,,,,,,,,,,,
澳松板,2）虽然它对螺丝钉的握钉效果很好，但对锤子凿进的大钉握钉性能一般。所以建议多使用螺丝钉的方式安装。,,,,,,,,,,,,
澳松板,3）这种板材节疤和不平的现象也较多，小洞小坑在北方容易积灰产生细菌所以建议在做漆前，让工人批一遍调过色的灰(针对夸张板材)，或多上几遍透明腻子(针对细微坑洞板材)。,,,,,,,,,,,,
澳松板,欧松板握钉能力不如澳松板，表面还有一些细小的坑洞，不能达到绝对的平整。,,,,,,,,,,,,
澳松板,澳松板的稳定性很好，可以弯曲成曲线状，具有很高的内部结合强度，板子易于胶粘，定订，螺钉固定。而且每一张澳松板都经过了高精度磨砂，无需在表面刮腻子，只需用腻子填补钉子、螺钉留下的钉孔，节省油漆。,,,,,,,,,,,,
多层板,多层板（胶合板/夹板/九厘板/多层实木板）,,,,,,,,,,,,
多层板,多层板=胶合板=夹板=九厘板=多层实木板。英文名称：Hardwood Plywood（HWPW）。甚至有的商家会直接省掉“多层”两个字，直接叫“实木板”。,,,,,,,,,,,,
多层板,多层板是由木段旋切成单板或由木方刨切成薄木，再用胶粘剂胶合而成的三层或多层的板状材料，通常用奇数层单板，并使相邻层单板的纤维方向互相垂直胶合而成。,,,,,,,,,,,,
多层板,多层板是家具常用材料之一，为人造板三大板之一。,,,,,,,,,,,,
多层板,一组单板通常按相邻层木纹方向互相垂直组坯胶合而成，通常其表板和内层板对称地配置在中心层或板芯的两侧。用涂胶后的单板按木纹方向纵横交错配成的板坯，在加热或不加热的条件下压制而成。,,,,,,,,,,,,
多层板,层数一般为奇数，少数也有偶数。纵横方向的物理、机械性质差异较小。,,,,,,,,,,,,
多层板,多层板能提高木材利用率，是节约木材的一个主要途径。,,,,,,,,,,,,
多层板,通常的长宽规格是：1220×2440mm，而厚度规格则一般有：3、5、9、12、15、18mm等。用在定制家具的厚度一般都是18mm的规格。,,,,,,,,,,,,
多层板,主要树种有：榉木、山樟、柳桉、杨木、桉木等速生木。,,,,,,,,,,,,
多层板,多层板的结构工艺促成了它最突出的优点：防潮性好，因此，特别适合用作橱柜和浴室柜的柜体；但是用来粘合多层板的胶水导致它的甲醛含量控制难度大，成了它环保性上最大的变数。因此，我们必须选择符合国家E1标准的多层板产品，最好是知名品牌产品。,,,,,,,,,,,,
多层板,中国经济的快速增长，华北、华东以及长江中下游一带速生丰产林木材大量涌进市场，充足的人力资源，使得我国多层板产品质量本身，有了大幅提升，在国际市场上竞争力越来越强。,,,,,,,,,,,,
多层板,我国不仅是多层板出口大国，还是世界第一大多层板生产国。,,,,,,,,,,,,
多层板,做多层板产品的国内知名品牌有兔宝宝、莫干山、千年舟、大王椰等。,,,,,,,,,,,,
多层板,胶合板，按层数划分，就有了俗称的三合板五合板等，在国外基本淘汰的板种，霸占国内主力板种第一位好几十年，同样一言难尽。,,,,,,,,,,,,
多层板,·优点：防潮性好，结构稳定性较好，传热系数小、易加工、握钉力强。,,,,,,,,,,,,
多层板,·缺点：甲醛含量较不可控，环保性下限低；抗性变能力不佳。,,,,,,,,,,,,
多层板,·推荐使用位置：橱柜、浴室柜的柜体，高度不太高、面积不太大的柜门。,,,,,,,,,,,,
多层板,·推荐品牌：兔宝宝、莫干山、千年舟、大王椰等。,,,,,,,,,,,,
大芯板,大芯板（细木工板/木工板/木芯板/三合板/马六甲板）,,,,,,,,,,,,
大芯板,大芯板，俗称细木工板、木工板，是具有实木板芯的胶合板，它将原木切割成条，拼接胶粘成芯，外贴面材加工而成，其竖向（以芯板材走向区分）抗弯压强度差，但横向抗弯压强度较高。面材按层数可分为三合板、五合板等。,,,,,,,,,,,,
大芯板,而马六甲板，就是用马六甲木材做芯板的大芯板。,,,,,,,,,,,,
大芯板,家装公司的木工打的柜子，就是用的这种板子。还可用在门窗及套、隔断、假墙、暖气罩、窗帘盒等。,,,,,,,,,,,,
大芯板,质量好的大芯板木条连接紧密，整齐,,,,,,,,,,,,
大芯板,大芯板的上限与下限相差极大。品质高的大芯板握钉力好，不易变形、强度高，具有质坚、吸声、绝热等特点，而且含水率不高，在10%—13%之间，加工简便，用途广泛。而品质差的大芯板握钉力差，变形系数大。共同的缺点是防潮性差，尽量避免用在厨卫。,,,,,,,,,,,,
大芯板,决定大芯板品质的因素有很多。,,,,,,,,,,,,
大芯板,大芯板的材种有如杨木、桦木、松木、泡桐等，其中以杨木、桦木为最好，质地密实，木质不软不硬，而泡桐的质地很轻、较软、吸收水分大，握钉力差，不易烘干，制成的板材在使用过程中，当水分蒸发后，板材易干裂变形。而松木质地坚硬，不易压制，拼接结构不好，握钉力差，变形系数大。大芯板根据材质的优劣及面材的质地分为“优等品”、“一等品”及“合格品”。,,,,,,,,,,,,
大芯板,大芯板的工艺要求很高，不仅需要足够的场地让木材有充足的时间进行适应性自然干燥，而且还要通过干燥窑进行严格的干燥工艺控制。另外，其加工设备的优劣程度不仅需要大量的资金投入，也是能否保证产品加工精度和质量的关键。,,,,,,,,,,,,
大芯板,芯板加工工艺分为机拼与手拼两种。手工拼制是用人工码放木条，木条受到的侧向挤压力较小，木条间缝隙较大，拼接缝隙不均匀，握钉力差。而机拼的芯板木条间受到的挤压力较大，缝隙极小，拼接平整，承重力均匀，因此机拼板材结构紧凑，长期使用不易变形。,,,,,,,,,,,,
大芯板,另外，用于芯材的胶粘剂种类决定了大芯板的环保性能的好坏，如果不想因为甲醛超标危害自己的健康，请勿购买和使用廉价劣质大芯板，请认准符合国家标准的品牌产品。此外，在家装过程中还是尽量控制减少大芯板的使用数量，以降低甲醛排放量。,,,,,,,,,,,,
大芯板,优点：品质高的大芯板强度高、握钉力好，吸音、隔热，加工简便，用途广泛,,,,,,,,,,,,
大芯板,·缺点：防潮性差，避免用在厨卫；环保性一般，市场产品质量差异较大。,,,,,,,,,,,,
大芯板,·使用位置：木工打的柜子，门窗及套、隔断、假墙、暖气罩、窗帘盒等。,,,,,,,,,,,,
大芯板,·推荐品牌：兔宝宝、莫干山、千年舟等。,,,,,,,,,,,,
指接板,指接板（实木集成板/拼接板/实木拼接板）,,,,,,,,,,,,
指接板,指接板也叫拼接板、实木集成板，指接板由多块木板拼接而成，上下不再粘压夹板，由于竖向木板间采用锯齿状接口，类似两手手指交叉对接，使得木材的强度和外观质量获得增强改进故称指接板。指接板算是真正意义上的实木板，区别于人造板。,,,,,,,,,,,,
指接板,指接板与大芯板的用途一样，由于上下表面无需粘贴面板，用胶量大大减少，指接板用的胶一般是乳白胶，即聚醋酸乙烯酯的水溶液，即使分解了也就变成醋酸。安全无毒，常温固化，非常环保，已经有越来越多的人选用指接板用来代替大芯板。,,,,,,,,,,,,
指接板,指接板的外观有天然纹理，一般用木蜡油进行涂刷，防止变形。但是由于缺少了饰面的加持，外观比较单一，不一定能与装修风格相匹配。这恐怕是它最大的缺点了。理论上也是可以贴饰面的，但似乎有多此一举的感觉，是性价比不高的方案。所以指接板用于全屋定制的很少，用于成品家具会比较多，还有木工现场制作。,,,,,,,,,,,,
指接板,在这里顺便提一嘴，通常我们说的实木家具，一般都是指的一些比较好品种的木材的实木直拼板，比较常见的比如橡木、柚木、水曲柳、胡桃木等等，更名贵的还有花梨木、紫檀（红木）、红椿等等。比较次的就是松木了。有些不良商家会用橡胶木来冒充橡木，还有的会有一些普通木材的指接板作为基材，表面加名贵木材的实木贴皮来冒充高档的实木家具，平常人难以分辨。,,,,,,,,,,,,
指接板,指接材和重组木，国内直接用来冒充顶替实木产品。,,,,,,,,,,,,
指接板,·优点：胶少且安全，环保性好，平整易加工、有天然纹理，物理性能优于天然实木。,,,,,,,,,,,,
指接板,·缺点：外观单一，风格有限,,,,,,,,,,,,
指接板,·使用位置：成品家具、木工打的家具，装修基层板等。,,,,,,,,,,,,
指接板,·推荐品牌：兔宝宝、莫干山、千年舟等。,,,,,,,,,,,,
实木,1.普通实木家具标准品大都是定尺定型的，尤其是以淘宝天猫上的实木家具为多数都把尺寸做的较小，这样一来省料，中高档实木家具木材材料成本是大头，二来方便物流运输且能节省物流费用，物流计价方式是以体积重量来计算，越大就越重，物流费也就越高；而定制家具则是完全按需制作的，尺寸和款式方面是客户自己需要和想要的，所以这一点上定制更划算；,原料：森林原木，大树干,,,,,,,,,,,
实木,2.全屋定制是同一厂家同一种品牌和等级的木材按照成熟和稳定耐用的工艺结构制作，避免了东家一件，西家一件这种拼凑式的家具搭配，实木家具不同于板式家具，实木的天然属性太大，别说是不同木材，即使是同一种木材，不同产地林场，不同木材供应商的原木烘干处理都不一样，何况木材还分等级，后期不同工厂使用的涂装材料也不一样而造成的家具差别很大，全屋定制实木家具可以保证用料的统一性，最大限度的保证家具外观效果的整体一致性，而单件拼凑式的购买最后的结果往往是一个房间同一种木材的各种实木家具木质效果看着都不一样的尴尬。,承重力：4星,,,,,,,,,,,
实木,3.全屋定制实木家具，数量和金额达到一定程度后工厂生产方面材料利用率会更高一点，加工效率会更高效一点，总体价格往往会有一些优惠，所以会比同等用料和工艺质量的家具一件一件的买更划算。,抗弯曲能力：4星,,,,,,,,,,,
实木,实木的东西贵一些，以成品居多。但是由于现在的房价越来越高，基于实用性的考虑，很多实木家具也是可以实现定制的，就是价格会比板式的高一些。说是定制，个人觉得其实可改造性非常小，可以理解为半成品。,防潮性能：2星,,,,,,,,,,,
实木,对于普通人来说，能用来定制的实木一般都是比较便宜的木材，比如松木、橡胶木、桦木、杉木、榆木、榉木等。,环保性能：5星,,,,,,,,,,,
实木,其中，松木用得最多，不那么硬，用来做儿童房的家具，床、衣柜、书桌都很合适，另外还有很多用来做榻榻米的。,是否易于造型：4星,,,,,,,,,,,
实木,国产松木一般没啥人用，品质差，跟杉木一样，做柜子的柜板，或者床的内板比较多。用得最多的松木是俄罗斯樟子松，但是它的松油味比较重。预算够的话就用新西兰松木，纹理更漂亮，味很少。,握钉力：4星,,,,,,,,,,,
实木,不同松木的纹理差不多，做成家具以后，外观差别也不大，只是进口松木可能味道小很多，气味敏感的家庭可以选择更好的松木。,是否利于加工：2星,,,,,,,,,,,
实木,松木定制的品牌很多，能进行定制的厂家也很多，在红星美凯龙等各种家具商场里都有各种品牌，大家用的材料基本都是不同品种的松木。,性价比：太贵了，不划算,,,,,,,,,,,
实木,定制的话就看工艺处理的细节，越贵的松木，节疤越少，细节处理得越漂亮，而且油脂越少，味道也就越轻。,忌用浴室,,,,,,,,,,,
实木,但是松木定制一般用水性漆，色调都接近原木色，比较单一，而且水性漆覆盖性不那么强，细节处可能有纹路，不光滑。还有就是门板的款式比较少，造型少。,适用卧室衣柜门板,,,,,,,,,,,
实木,这个松木指接板，就是板条两端做出参差的齿（这个板是暗齿的，表面看不见齿），互相扣住，然后用少量的胶把它们粘合起来。用胶比直拼板要多一点儿，但是现在都比较注意环保了，所以也都是环保的，是可以用的，只是美观性差一点儿，胜在价格优势。,,,,,,,,,,,,
实木,中端的木材，有白橡、红橡、水曲柳等，价格也差不多。大家真要定制，选颜色和款式就行了。其中，水曲柳相对容易变形一些。,,,,,,,,,,,,
实木,名贵一些的木材比如胡桃、柚木、红木这些都是成品家具为主。,,,,,,,,,,,,
实木,同样的木材还要区分一下是直拼板还是指接板。前者用胶少，更环保，但是稳定性差一点，价格高……但是好看啊……大家选哪种都好，看自己预算和喜好来定吧。,,,,,,,,,,,,
实木,在实木定制里，大家看中的就是可以刷木蜡油，木蜡油比水性漆更环保，但是对于木材的保护性不如水性漆。,,,,,,,,,,,,
实木,但是实木家具养护起来，真心累。我考虑我是冬天家具入场，放味，开窗通风，而且人又不住那儿，我怕实木家具扛不住北京冬天的风，我家是全南向，白天太阳足得很，再加上通风冷风吹，要是还没住进去就干裂，就哭了……,,,,,,,,,,,,
实木,反正，就是有点担心，放弃大面积使用了。目前还在次卧的家具上纠结要不要白橡木成品。所幸，还有点纠结的时间……,,,,,,,,,,,,
实木,1、找全屋定制商家。有些商家在新小区建了团购群，可以了解大致方案和费用。再逛逛家居城，去门店多了解，顺便学习一下，因为实木的木材太多了，我们外行也不懂，去门店听店员介绍可以快速涨知识，也可以了解到商家是否专业，是否有实力。,,,,,,,,,,,,
实木,2、报价。如果已经有设计师出过效果图，直接拿效果图找商家报价即可。注意做设计的时候就要让设计师考虑用原木这一点，因为有些风格原木很难做出来，要么就需要做特殊处理才做得出来，可能要加钱。精装房没有设计师的话，就先了解自己家里的尺寸，拿尺寸给店家做一个初步报价。一定要多找几家门店进行报价，实木的报价方式千差万别，拿到各家报价单一对比，就很容易发现哪一家猫腻多。,,,,,,,,,,,,
实木,3、选木材。实木有很多种木材，价格都不一样，可以自由搭配，让店家用不同价格的木材多做几份报价单，找到符合自己预算的配置。我,,,,,,,,,,,,
实木,4、注意木材厚度。报价单中一般会注明木材厚度，注意比较一下各家的木材厚度，比如柜门、柜体、背板的厚度。,,,,,,,,,,,,
实木,5、问清楚标配五金、油漆、把手品牌，升级配件的收费标准，其他增项的收费标准。有些店家看起来单价很低，但很有可能五金油漆把手配的是最差的，后期增项无穷无尽。另外做特殊造型（指定门型、玻璃门板、罗马柱等等）的费用，增加抽屉的费用都要详细询问。我,,,,,,,,,,,,
实木,6、问清楚商家，柜子在生产过程中能不能传柜子照片，或者直接去工厂参观。如果商家给你看柜子未上漆的样子，那么说明厂家还算靠谱，如果不给看，那可能有猫腻，需要留个心眼，万一用了贴皮的板材以次充好我们就亏大了。,,,,,,,,,,,,
密度板,"也叫中纤板
密度板是以木质纤维或其他植物纤维为原料，经纤维制备，施加合成树脂，在加热加压的条件下，压制成的板材。优缺点∶密度板由于结构均匀，材质细密，性能稳定，耐冲击，易加工，主要用于强化木地板、门板、家具等，密度板在家装中主要用于混油工艺的表面处理，密度板密度太高，很容易开裂，所以没有办法做家具。一般密度板都是用来做室内外装潢、办公和民用家具、音响、车辆内部装饰或者墙板、隔板等制作材料，密度板的主要缺点就是不防潮，见水容易发胀，而且密度板的握钉力较差，由于纤维密集细碎，致使密度板握钉的能力要比实木板都要差。","原料：通常是用树木的枝干和枝丫，经过打碎研磨的工艺，打成木碎，然后胶水粘合，干燥、铺装后热压面制成。
承重力：4星
抗弯曲能力：4星
防潮性能：2星
环保性能：3星
是否易于造型：4星
握钉力：4星
是否利于加工：3星
性价比：4星
忌用 浴室
适用卧室衣柜、橱柜",,,,,,,,,,,
密度板,按密度可分为：高密度纤维板、中密度纤维板、低密度纤维板（中密度纤维板密度为500公斤/立方米——880公斤/立方米，高密度板密度≥800公斤/立方米）。,环保3颗星，强度2颗星，造型5颗星，防潮1颗星，稳定性4颗星,,,,,,,,,,,
密度板,"性能特点
密度板表面光滑平整、材质细密、性能稳定、边缘牢固，而且板材表面的装饰性好。但密度板耐潮性较差。且相比之下，密度板的握钉力较刨花板差，螺钉旋紧后如果发生松动，在同一位置很难再固定。",,,,,,,,,,,,
密度板,、密度板很容易进行涂饰加工。各种涂料、油漆类均可均匀的涂在密度板上，是做油漆效果的首选基材。,,,,,,,,,,,,
密度板,2、密度板又是一种美观的装饰板材。,,,,,,,,,,,,
密度板,3、各种木皮、印刷纸、PVC、胶纸薄膜、三聚氰胺浸渍纸和轻金属薄板等材料均可在密度板表面上进行饰面。,,,,,,,,,,,,
密度板,4、硬质密度板经冲制，钻孔，还可制成吸声板，应用于建筑的装饰工程中。,,,,,,,,,,,,
密度板,5、物理性能极好，材质均匀，不存在脱水问题。,,,,,,,,,,,,
密度板,、密度板的最大的缺点就是不防潮，见水就发胀。在用密度板做踢脚板，门套板，窗台板时应该注意六面都刷漆，这样才不会变形。,,,,,,,,,,,,
密度板,2、密度板遇水膨胀率大，变形大，长时间承重变形比均质实木颗粒板大。,,,,,,,,,,,,
密度板,虽然密度板的耐潮性较差，但是密度板表面光滑平整、材质细密、性能稳定、边缘牢固、容易造型，避免了腐朽、虫蛀等问题。在抗弯曲强度和冲击强度方面均优于刨花板，而且板材表面的装饰性极好，比之实木家具外观尤胜一筹。,,,,,,,,,,,,
密度板,3、密度板握钉力较差，由于密度板的纤维非常碎致使密度板握钉力比实木板、刨花板、都要差很多。,,,,,,,,,,,,
密度板,密度板=纤维板，全称为密度纤维板，是以木质纤维或其他植物纤维为原料，经纤维制备，施加合成树脂，在加热加压的条件下，压制成的板材。,,,,,,,,,,,,
密度板,跟颗粒板其实大同小异，区别在于它的原材料研磨度更高，呈细腻粉末状的植物纤维，使用的胶水量也会比颗粒板更多，因此环保性亦不如颗粒板。,,,,,,,,,,,,
密度板,按其密度可分为高密度纤维板、中密度纤维板和低密度纤维板。其中中密度板纤维板的名义密度范围在650Kg/m³——800Kg/m³，在全屋定制中一般使用的都是中密度板。,,,,,,,,,,,,
密度板,由于板材颗粒细腻，中密度纤维板很容易用来加工成各种造型，多被用于古典、欧式风格的柜门板基材；密度板的优点是表面平整细腻，很容易进行涂饰加工。,,,,,,,,,,,,
密度板,常见的横压门板和烤漆门板也是以密度板为基材。但它的缺点呢，是防水性能极差，受潮后很容易膨胀变形，另外握钉力差，强度较低，基本上只用作柜门，不适合用于柜身。,,,,,,,,,,,,
密度板,决定密度板质量的因素跟颗粒板一样，在于其使用的原料和使用的胶粘剂。理论上说上限不如颗粒板，下限比颗粒板更低。所以同样在很多人的固有印象里，密度板就是垃圾，too。,,,,,,,,,,,,
密度板,但是，密度板也是有好坏之分的，爱格、克诺斯邦等国外品牌也是生产中密度板产品的，国内大亚、福人的产品都是不错的。,,,,,,,,,,,,
密度板,一些进口品牌的亚克力和烤漆门板非常的好看（当然价格也不便宜），也是用密度板作为基材的，并且能够克服密度板防潮性差的缺点。,,,,,,,,,,,,
密度板,纤维板，国内俗称密度板，因为按照密度分为低中高三种，现在木作行业上最常用的是中密度纤维板。,,,,,,,,,,,,
密度板,"主要用于强化木地板、门板、隔墙、家具等,密度板在家装中主要用于混油工艺的表面处理；一般做家具用的都是中密度板,因为高密度板密度太高,很容易开裂，所以没有办法做家具。一般高密度板都是用来做室内外装潢、办公和民用家具、音响、车辆内部装饰，还可用作计算机房抗静电地板、护墙板、防盗门、墙板、隔板等的制作材料。它还是包装的良好材料。未来更是作为基材用于制作强化木地板等。",,,,,,,,,,,,
密度板,优点：容易加工成各种造型、表面平整细腻，适合涂饰加工。,,,,,,,,,,,,
密度板,·缺点：防潮性差、强度较低、握钉力不佳、不适合做柜体；市面上产品质量参差不齐，需好好分辨。,,,,,,,,,,,,
密度板,·推荐使用位置：干燥区域的柜门。,,,,,,,,,,,,
密度板,·推荐品牌：国外品牌有德国Rehau瑞好、西班牙Finsa芬萨等。国内品牌有大亚、福人等。,,,,,,,,,,,,
多层实木,由多块木材用胶粘的方式组成，味道会比生态板重，但质量很好。防水、承重性优于生态板，适合做橱柜、阳台柜、榻榻米区域,,,,,,,,,,,,
多层实木,"由内层图形先做，然后以印刷蚀刻法做成单面或双面基板，并纳入指定的层间中，加热、加压并予以粘合，多层实木的性能要优秀的多，多层实木基材首先看厚度和层次感，无空洞，重叠现象，表面平整光滑，无鼓包。优缺点：多层板具有变型小,强度大,内在质量好，平整度好，表面以优质实木贴皮或科技木为面料，经冷压、热压、砂光、养生等数道工序制作而成。由于多层实木板具有不易变形的特点及良好的调节室内温度和湿度的优良性能，面层实木贴皮材料又具有自然真实木质的纹理及手感，所以选择性更强， 多层实木板具有结构稳定性好，不易变形，由于纵横胶合、高温高压，从内应力方面解决了实木板的变形缺陷，环保性能高于颗粒板、低于生态板，防潮性高于生态板与颗粒板持平；握钉力稳定性高于颗粒板和生态板。","原料：树木去皮后，切成片儿，然后用胶水粘合，为了加强胶水的粘性，通常要加入甲醛和苯等化学物质。
承重力：4星
抗弯曲能力：4星
防潮性能：3星
环保性能：2星
是否易于造型：3星
握钉力：3星
是否利于加工：3星
性价比：3.5星
忌用 浴室
适用 橱衣柜柜体和柜顶",,,,,,,,,,,
多层实木,这个属于中国独占，在国际板材市场是没有这种板材的。,,,,,,,,,,,,
多层实木,这种材料更多的是木工现场打柜子,,,,,,,,,,,,
多层实木,沾个实木的名字，看似比较环保，但是这个板子的质量市场也是参差不齐。（还有一种胶合板，被成为多层实木，那种也不推荐。）,,,,,,,,,,,,
多层实木,环保3颗星 强度5颗星 造型2颗星 防潮5颗星 稳定2颗星,,,,,,,,,,,,
多层实木,多层板在这三种里面性价比算最高的了，环保和质量这块都可以。但是有个缺点就是它的味道比生态板大很多，多层板的防水性是这几种板材里面最好的，做橱柜、阳台柜柜体都是首选，还有榻榻米也是首选，它的承重性也非常好。,,,,,,,,,,,,
生态板,生态板广泛运用在家装中， 现在市面上的生态板，主要是指细木工板表面附面板。其全称是浸渍胶膜纸饰面人造板，制作工艺是将带有不同颜色或纹理的纸放入生态板树脂胶粘剂中浸泡，然后干燥到一定固化程度，将其铺装在刨花板、防潮板、中密度纤维板、胶合板、细木工板或其他硬质纤维板表面，经热压而成的装饰板。但不是所有的带饰面板的板材都能被称作生态板，只有环保等级达到E0/E1级才可以称作生态,,,,,,,,,,,,
生态板,"【按板材特性定义分类】
分两类：
1.广义上指帖面板；
2.狭义上指生态板中间用基材的饰面板。",,,,,,,,,,,,
生态板,"【按生态板结构层次分类】
根据生态板的制造结构层次不同，可以分为三层、五层、七层，共三种结构分类生态板。
三层结构生态板为板芯两面各覆盖上一层单板；
五层结构生态板最为常见的一种生态板；
七层结构生态板采用双板芯结构，双芯板是两块板芯中加一层单板交合而成，两面各覆盖两层单面板。",,,,,,,,,,,,
生态板,"【按板芯木条结合分类】
分两类：1.胶拼木条芯生态板；2.不胶拼木条芯生态板
【按周边是否有边框边条分类】
分三类：1.有边条生态板；2.有边框生态板；3.无边框生态板",,,,,,,,,,,,
生态板,1、表面不光滑，碳化，面皮泛白。,,,,,,,,,,,,
生态板,原因：有些小企业使用陈旧机器导致温度过低和生态面受热不均匀形成的表面半熟状态。,,,,,,,,,,,,
生态板,2、表面耐磨次数低，容易留下划痕。,,,,,,,,,,,,
生态板,原因：生态板面形成固化的温度不低于300℃，达不到此温度无法形成固化层，减少了耐磨次数。,,,,,,,,,,,,
生态板,3、表面脏污渗透、无法清除。,,,,,,,,,,,,
生态板,原因：选用国产小企业价格低廉的生态面皮，脏污渗透之后无法清除。,,,,,,,,,,,,
生态板,4、颜色不炫亮，无木纹效果。,,,,,,,,,,,,
生态板,原因：选用小企业生产的低压油墨生态面皮，颜色失真不炫亮。,,,,,,,,,,,,
生态板,5、板面不平、鼓包。,,,,,,,,,,,,
生态板,原因：小企业选用的木材含水率高，胶合力差遇热鼓包。,,,,,,,,,,,,
生态板,采取以下相应措施：,,,,,,,,,,,,
生态板,1：使用意大利进口数控砂光设备，经过16次砂光定厚，保证表面面皮均匀受热，杜绝碳化、泛白现象；,,,,,,,,,,,,
生态板,2：经过300℃以上高温热压，采用获得国家专利的直贴工艺，经耐磨仪器300r，不透底，不开胶；,,,,,,,,,,,,
生态板,3：细木工板采用进口桃花芯、奥古曼实木面皮，用打火机烧后，轻轻一擦，毫无痕迹；,,,,,,,,,,,,
生态板,生态板一般分为马六甲和杉木的，定制最开始兴起的时候马六甲做的特别多，但是因为木材本身比较脆，握钉力差就被淘汰出市场了，所以现在我们讲的生态板基本上都是杉木芯的。生态板做衣柜这些柜体来讲是没话说的，近乎没有味道，但是生态板不适合做柜门，容易变形，小一点尺寸的门板还好，做比较高的一定要加装拉直器，一门到顶是一定不要做。,,,,,,,,,,,,
五金配件,配件决定使用的舒适度，与板材相比，不起眼的五金配件总容易遭到忽视。事实上，铰链、轨道、衣通、支架……一个衣柜需要大量五金配件的组合，而这些配件也是决定衣柜使用舒适度、耐用度的重要指标。,,,,,,,,,,,,
五金配件,衣柜的五金配件一般指：抽屉导轨、门铰/铰链等金属配件。现在，大多定制衣柜品牌大多有多个品牌的五金配件供消费者选择，比较流行的品牌有：海蒂诗、百隆、DTC或是品牌自产五金。,,,,,,,,,,,,
五金配件,选购时除了看品牌声誉外，还应现场体验测试一下，仔细查看其做工，看是否推拉顺畅、承重性好。配件是衣柜、书柜及推拉门的一个重要元素，是确保家居产品使用舒适度、耐用度的重要指标。,,,,,,,,,,,,
五金配件,五金配件虽小，但是它却决定着衣柜的质量和使用寿命。那么我们在定制衣柜时如何判断这个五金的好坏呢?不懂?那就来学学这三个鉴别衣柜五金配件好坏的三个技巧吧。,,,,,,,,,,,,
五金配件,1、看：即看五金的外观。大家在挑选五金装饰件时，主要看外观是否有缺陷、电镀光泽度、表面是否细腻、光滑、无斑点。如合页合铰链，观察期厚薄。优质铰链相对来说比较厚，而且表面镀层厚，不易生锈，稳固结实，承重能力非常强。而劣质的铰链，很薄，易生锈，表面光泽度也不够。,,,,,,,,,,,,
五金配件,2、摸：即触摸五金件来体验它在手上的感觉。如，在挑选拉手的时候，用手体验一下拉手的光泽变化效果。目前市面上定制衣柜的拉手材质主要有：塑料、锌合金、铝合金、不锈钢、陶瓷。,,,,,,,,,,,,
五金配件,3、体验：主要是指选购定制衣柜的时候，到实体门店体验其开合效果。对于密封性能要求较高的滑轨、锁具、铰链，要多开合、拉动几次感觉其灵活性和方便性。比如验证推拉门五金，大家就用手要多推拉几次，在这过程感受导轨是否顺畅，细听滑动的声音是否有噪音。掩门开合时是否有震动、是否有缓冲。开门是否要很费劲，质量好的五金导轨，在移门推拉时越轻便越好。,,,,,,,,,,,,
板材胶水,为什么万华禾香板、爱格、福人板材等大牌能获得日本F4星和国标ENF行业top级的环保认证。 而很多厂家的板材连国标E1、E0环保认证都拿不到？,,,,,,,,,,,,
板材胶水,因为万华、爱格、福人颗粒板材环保的制作工艺使用了不同配方MDI胶，拿不到认证的厂家使用了含有甲醛的三醛胶,,,,,,,,,,,,
板材胶水,科普：MDI胶和三醛胶的区别？,,,,,,,,,,,,
板材胶水,三醛胶的合成就要用到甲醛，而且是可逆反应。所以在合适的环境下（高温高湿），这个化学反应会逆转，胶分 解为甲醛。 一般小板材厂为了降低成本而大量使用脲醛树脂胶。,,,,,,,,,,,,
板材胶水,"MDI胶水全名为异酸酯胶粘剂,一种红棕色液态产品。",,,,,,,,,,,,
板材胶水,1、它的合成原材料是很安 全的。原材料如苯胺等,,,,,,,,,,,,
板材胶水,2、它的高分子结构较为稳定不易挥发,,,,,,,,,,,,
板材胶水,3、它无甲醛非常环保,,,,,,,,,,,,
板材胶水,脲醛胶板材与MDI胶板材有什么区别？,,,,,,,,,,,,
板材胶水,1、环保度不同：用脲醛胶制成板材甲醛含量更高，环保性低，MDI胶水不含甲醛环保度更高。,,,,,,,,,,,,
板材胶水,2、成本不同：脲醛胶广泛使用的原因，就是因为成本低，所以用脲醛胶的板材成本也更低。而MDI胶水生产过程复杂，成本高，运用到板材中成本会高很多。,,,,,,,,,,,,
板材胶水,3、价格不同：用脲醛胶生产的板材价 格更便宜，用MDI胶水制成的板材更贵。大品牌使用多一些如爱华禾香板、爱格板、福人板。,,,,,,,,,,,,
板材胶水,深挖三醛胶板材污染化学反应原理？,,,,,,,,,,,,
板材胶水,普通板材使用的尿醛胶、酚醛胶、三聚氰胺甲醛胶是三种常见的胶黏剂。脲醛胶是用尿素+甲醛+水制成的，三聚氰胺甲醛胶是用三聚氰胺+甲醛+水制成，酚醛胶是苯酚+甲醛+水制成的。 但这三种胶水中的三聚氰胺甲醛胶和酚醛胶固化很少会释放甲醛，但因为脲醛胶的造价便宜，所以小厂尿醛胶水为主。而脲醛胶释放甲醛主要有两个原因，一是胶水里还有没发生反应的甲醛，二是固化后的脲醛胶会在潮湿的环境中与水慢慢发生反应，分解出甲醛和尿素。,,,,,,,,,,,,
板材胶水,深挖MDI胶水低污染高环保的科学原理？,,,,,,,,,,,,
板材胶水,MDI是一类化学物质的统称，中文名叫二苯基甲烷二异氢酸酯，其中包括纯MDI、聚合MDI、改性MDI和它们的混合物。 而MDI胶水就是用MDI和其他多苯基多亚甲基氰酸酯制成的，所以胶水中没有甲醛。 ,,,,,,,,,,,,
板材胶水,无醛胶MDI胶到底安全吗？,,,,,,,,,,,,
板材胶水,从去年开始，很多品牌借疫情的风，开始强力推所谓无醛板，这里面主流就是MDI胶的板子。一时间众说纷谈，各种说法都有。摘抄几段网上靠谱些的言论，大家做个判断。,,,,,,,,,,,,
板材胶水,一：看到已经有很多人发表了看法，这里，我作为一个行业从业人员谈谈吧。,,,,,,,,,,,,
板材胶水,1、是否真的无醛？答案是有，但远低于安全限量（<0.03mg/m2），所以担心甲醛没有必要。,,,,,,,,,,,,
板材胶水,2、是否含苯类物质？答案是有，但不是苯，是甲苯、二甲苯之类的苯系物，是否低于限量呢？这个就要看工艺了，不敢保证，但一般舍得做无醛板了，工艺不会太差。,,,,,,,,,,,,
板材胶水,3、是否真的安全？答案是否，为啥？因为必然残留MDI！很多楼主说MDI是原料，聚合后就没有了，那是扯淡，无论如何聚合，MDI残留是必然，高聚物的化学反应做不到100%！也有部分人说MDI是低毒性，那是误导，MDI（或者整个异氰酸酯家族）属于高毒类物质，这点毫无疑问，但为啥有人说是低毒呢？那是因为按照急性入口毒性LD50为31690mg/kg，的确是低毒物质，但有意思的是，MDI的急性吸入毒性LC50确是178mg/m³，这个就明显是高毒性范围了，我想，没人会去用嘴巴舔板材吧？毒性都是挥发到空气中吸入的吧！再给大家一个有意思的参考数据，中国对MDI的生产车间容许浓度是0.2mg/m3，美国是0.05mg/m³。,,,,,,,,,,,,
板材胶水,所以总结一下，MDI胶做的板子不是宣传的那么安全，但的确是市面上能买到的板材中，安全的选择之一！,,,,,,,,,,,,
板材胶水,二：MDI胶中bai间不含甲醛，但du其中间含的异氰zhi酸酯MDI和溶剂（甲苯dao、二甲苯、卤代回烃等）毒性比甲醛要答大的多。固化前或固话不完全的胶是有毒的，固化后的胶也会很缓慢的释放有毒物质。,,,,,,,,,,,,
板材胶水,大豆胶：可食用级别，非常环保。是用糯米修筑古代长城时的原理。植物粘合剂，对人体无害，比较环保的胶水,,,,,,,,,,,,
板材胶水,MDI胶：低毒，耐水，胶粘剂用量低，本身不含甲醛，比较环保的一种制作板材的胶水,,,,,,,,,,,,
板材胶水,脲醛胶：成本低廉，应用广泛，环保性差，低端产品普遍使用,,,,,,,,,,,,
板材胶水,自带大量游离甲醛，含醛量非常高！,,,,,,,,,,,,
板材胶水,酚醛胶：胶力强，稳定性好，耐水耐油耐热耐腐蚀，绝缘性能好,,,,,,,,,,,,
板材胶水,甲醛含量很高，吸入过量会引起心肺功能不适,,,,,,,,,,,,
板材胶水,挑选建议：,,,,,,,,,,,,
板材胶水,优先选择新国标环保等级达到ENF级、日本F4星级的材料、这几种甲醛含量少，更加安全环保,,,,,,,,,,,,
板材胶水,用好的加工设备做好封边。封边能解决美观问题 ，以及让甲醛更少的释放。推荐使用pur封边，不易开裂受潮，性价比更高,,,,,,,,,,,,
板材胶水,不要甲醛焦虑了，你闻到的味道根本不是甲醛,,,,,,,,,,,,
板材胶水,按照新国标的环保标准来看，最差的e1级别的板材的甲醛浓度是可以闻到轻微气味，而e0级的浓度已经闻不到甲醛的味道了。而且，国产的板子基本都是素板，再封边+贴面后，能释放的味道只会进一步降低，此时对甲醛更敏感的是我们的眼睛，关键是眼睛是否有不适的感觉。,,,,,,,,,,,,
板材胶水,那么为什么很多人做好衣柜后，总是会闻到气味呢？这里的气味来源主要还有两种，一种是苯系物，闻起来会有点香的味道，此类释放的通常比较快，通风就解决了,,,,,,,,,,,,
板材胶水,另一类是木头本身的味道，由于板材的基材大多是松木，而松木本身是有比较浓的味道的，图一是一个松木的包装盒，稍微闻一下就会发现和大多数人家的柜子散发的味道是一样的，这种味道虽然很容易闻到，但不需要在意。由于铰链，拉手，连接件，拉直器，灯带等的开孔开槽，松木本身的味道不可避免的会从板材中散发出来，评价板材是否环保的直观感觉是不靠谱的，尤其是从味道来判断,,,,,,,,,,,,
板材胶水,平常感觉没那么大味道的窗帘，床品，成品家具才是家中真正的甲醛大户,,,,,,,,,,,,
无醛板,现代人装修越来越注重环保，而甲醛一直是装修材料的一大痛点，所以现在不少定制品牌推出了“无甲醛板”，无甲醛板真的无甲醛吗，下面就一起来听听无甲醛是不是真的零甲醛。 天然生长的树木，本身也具有一定量的甲醛，所以即使是用天然木材加工而成的纯实木板，也是含有一定量的甲醛的。因此无甲醛板不是真的没有甲醛，而从科学角度来说：真正无甲醛板是不存在的，都或多或少的含有一定量的甲醛。 现行的国家标准中，并没有无醛板的明确定义。-,,,,,,,,,,,,
无醛板,“无醛板”并不是“无甲醛释放”，天然的木材、水果、蔬菜、牛奶等都会天然含有微量甲醛，不可能真的“零甲醛释放”。-,,,,,,,,,,,,
无醛板,上面说了，无甲醛是不存在的，而所谓的“无甲醛板”只不过是某些定制品牌吸引消费者的噱头。无甲醛板的特点是甲醛含量相对较低，含量远远低于国家标准，对人体产生不了任何危害，例如某板甲醛释放仅0.3mg/L，相对于其他地板来说更环保，消费者可以放心选购，特别适合家里有孕妇及婴幼儿的家庭。,,,,,,,,,,,,
无醛板,目前，我国板材环保标准有E0、E1、E2三个级别，,,,,,,,,,,,,
无醛板,E0级（甲醛释放量≤0.5mg/L）,,,,,,,,,,,,
无醛板,E1级（甲醛释放量0.5mg-1.5mg/L）,,,,,,,,,,,,
无醛板,E2级（甲醛释放量大于1.5mg/L，小于5mg/L）,,,,,,,,,,,,
无醛板,市场主流环保标准之一，其中E2级不允许未经处理直接应用于室内装修。E0、E1可以直接用于室内装修，E0级，相对于E1级是个提高，值得注意的是板材达标不等于室内空气质量达标。,,,,,,,,,,,,
无醛板,所以从这个数据可以看出，即便是环保等级最高的E0也是含有甲醛的。,,,,,,,,,,,,
什么时候开始考虑定制,（1）原则：尽量早。家具作为生活的载体，连接着人和空间，天天使用，重要性怎么提都不为过。好的定制设计师，还会为家装提供补充意见，让您在装修的过程中作为参考。通过思考家具布局，帮助自己理清日常需求和生活动线，是非常好的一个思路。,,,,,,,,,,,,
什么时候开始考虑定制,2）装修开始的时候多了解家具和定制，多看案例，进行知识储备。对于实木定制，建议重点关注这三类知识：l 了解常见的木材和知识l 了解涂装l 了解尺寸 这部分知识的内容很多，我们会在后面专门介绍相关的内容。知乎上有很多大神的回答，大家可以推荐给我引用,,,,,,,,,,,,
什么时候开始考虑定制,（3）制定装修方案过程中，应包含完整的家具布局和尺寸规划。  比如，您的玄关，是打算只放鞋储物，还是打算挂衣服，预留的深度是很不一样的。虽然后期能过定制解决，但比不上原生的合理方案用起来舒服。等装修完成了，地板不能动，吊顶不能敲，隔墙不能杂，再想有变动，费时费力费钱，还容易留遗憾,,,,,,,,,,,,
全屋定制的步骤,一、在网上预约免费服务，或者到门店现场体验，只要是好品牌，都可以！,1、下单我们在与定制橱柜厂商确认后，就可以与厂商签订合同订单了，这个时候一般是需要缴纳一些订金。这里提醒大家一下，所有与厂商约定好的内容，一定要在合同中写清楚，以免后期不必要的麻烦。合同和订单收据一定要妥善保管。,,,,,,,,,,,
全屋定制的步骤,二、量房、风格首先，要练习厂家上门量房，将家居环境了解一下，工作人员会询问你需要什么样的风格样式，然后再给出好的建议，共同合作。,2、测量一般订单签订完成后，我们就可以要求设计师上门进行测量，一般需要测量几次。第一次测量是在房屋水电改造之前，这个时候水电工和工长最好都在场，要结合厨房的水电布局进行综合考虑，看后期安装橱柜时是否需要对房间内的水电管道进行改装等。这次测量后，设计师就可以根据厨房的空间设计，给出业主一个大致的雏形以及水电改造的图纸，水电工就可以根据图纸进行施工了。第二次测量就是在水电改造和墙地墙地砖铺设完工以后了。这次测量的数据精确度必须严谨，厨电位置和尺寸也要在这次测量后确定下来。这样设计师就可以根据此次测量结果，做出定制橱柜的精确设计图。,,,,,,,,,,,
全屋定制的步骤,三、材料选择比如说材料的质量、环保性能等等。这些问题工作人员都会详细介绍给你的，除了材料就是五金配件的选择，工作人员也只是给出建议，靠客户们自由选择。,3、核对图纸经过测量之后，一般的厂商会在3——4天内给业主出具设计图纸，我们拿到设计图纸后，除了要看效果图之外，最重要的是要看一下CAD图纸上标示的尺寸是否清楚准确。,,,,,,,,,,,
全屋定制的步骤,四、报价看设计方案合不合理，看报价超不超预算。厨房的橱柜是需要提早就要确定的，因为在水电施工阶段，施工队就需要橱柜公司提供水电图纸来进行施工。,4、付款所有的设计方案确定之后，就需要签订详细的供货合同了，合同里一般包括产品总价、支付方式、交付安装、验收标准、售后服务等各项规定。有的厂商会在合同里附带《核价清单》与《设计图纸》。签合同事关重大，各位在签订的时候一定要仔细确认合同里的每一条内容。,,,,,,,,,,,
全屋定制的步骤,五、制作不同担心工作人员会在自己家里进行制作，不会给生活带来任何影响。也可以不时的打电话询问全屋家具的制作进程，以便工作中的交流。,5、安装经过前期的设计与准备，业主就可以坐等收货安装了。橱柜的送货和安装一般都是免费的，业主需要与工作人员提前约定送货安装的时间，这里的时间一般都会在合同约定时间之前。,,,,,,,,,,,
全屋定制的步骤,六、送货上门在工作人员将全屋家具定制做好之后，就会打电话联系业主。工作人员会送货上门，并且将全屋家具定制给你安装好，还会送上全屋家具定制的保养方法。,6、验收橱柜工作人员安装完毕后，业主要对整套橱柜进行全面检查，对照和认同约定的内容检查，验收合格后付清余款。,,,,,,,,,,,
全屋定制的步骤,七、售后服务说到售后服务，全屋家具定制的售后服务是全程跟踪的，这是比较大型的交易，因此，在售后服务方面是非常好的，不用太担心。不过全屋家具定制的厂家不同，可能在细小的售后服务方面可能有所不同，不过都大同小异。,,,,,,,,,,,,
全屋定制柜子类型,1.进门鞋柜，包括门厅能做的储物柜。,,,,,,,,,,,,
全屋定制柜子类型,2.餐厅餐边柜，或者酒柜，有的是储物柜镶嵌电器或者冰箱。,,,,,,,,,,,,
全屋定制柜子类型,3.西厨橱柜吊柜等，岛台等,,,,,,,,,,,,
全屋定制柜子类型,4.中厨橱柜吊柜等,,,,,,,,,,,,
全屋定制柜子类型,5.所有卧室的衣柜，书房书架书柜,,,,,,,,,,,,
全屋定制柜子类型,6.阳台储物柜等,,,,,,,,,,,,
全屋定制柜子类型,7.过道镶嵌柜等以上大概就是全屋定制的范围，每一家有所差别。,,,,,,,,,,,,
衣柜设计要点,一柜到顶设计越来越多家庭选择将柜子做到顶。一眼望去，到顶柜的设计看起来确实很大气。不过，一柜到顶设计的优点远不止这些,,,,,,,,,,,,
衣柜设计要点,避免灰尘堆积一柜到顶的设计，能很好地避免顶层灰尘的积压。不用再担心柜顶太高，难打扫的问题。增加储物空间一柜到顶的设计优化了内部的储物空间，像平时一些换季的被子和衣物，都可以轻松收纳进柜子里。储物力超强，还能防尘防潮，实用性满分！提升空间美观没有了顶部尴尬的空缺，通顶的衣柜设计，让整个卧室空间的风格更统一，看起来也很舒服,,,,,,,,,,,,
衣柜设计要点,衣通灵活设计许多朋友表示不知道什么是衣通。其实，衣通就是我们常说的挂衣棍、挂衣杆。合理的衣通设计，能打造出更实用的衣柜。充分利用空间固定的层板设计，导致衣服只能叠着存放。如果灵活设计一些挂放的区域，就能更好地利用内部的储物空间，减少衣服被闲置的情况。衣物不易褶皱我们平时熨烫后的衣服，就可以悬挂在衣通上，不用担心衣服产生褶皱。衣物保持最佳的外形状态，我们穿着起来，整个人的气质形象也会很加分。,,,,,,,,,,,,
衣柜设计要点,平开门设计平开门衣柜是一种传统开启方式的衣柜。它是靠烟斗合页连接门板和柜体而成。相对于常见的推拉门衣柜，平开门衣柜的优点就更多了。完全打开柜门与推拉门衣柜不同，平开门衣柜能完全地打开柜门，衣物一览无余。这样，我们就能清晰地拿取衣服。防尘性能高平开门的衣柜，可以完全封闭打开柜门。所以，平开门的衣柜密封性很好，防尘性能较高。搭配金属把手设计平开门衣柜时，建议搭配金属的把手。不仅好看，而且手感也很好。,,,,,,,,,,,,
衣柜设计要点, 你要把你家长住人口的数量和需求，,,,,,,,,,,,,
衣柜设计要点,考虑到自家人的使用习惯。,,,,,,,,,,,,
衣柜设计要点,衣物种类的多少。,,,,,,,,,,,,
衣柜设计要点,身高胖瘦,,,,,,,,,,,,
衣柜设计要点, 后续另外配拉篮，或者移动抽屉之类的（不使用定制品牌的，比如宜家的拉篮物美价廉）要提前看好品种，相关尺寸，数量，告诉设计师，请设计师留好位置,,,,,,,,,,,,
衣柜设计要点,一定根据自己家入住人口决定做那些地方的柜子。如家有小孩，小孩尚小，和父母同住一屋,,,,,,,,,,,,
衣柜设计要点,主卧不建议定制人造板柜子，先买个实木斗柜放置物品，等孩子分房睡的时候，儿童房全套成品实木家具，然后主卧再次定制人造板即可。最大范围保证孩子的空间是安全的。,,,,,,,,,,,,
合同问题,如果新装修房子孩子已经分房睡，儿童房一定是全套实木成品家具，切记最好不要做任何人造板的柜子。其他房间可以做人造板衣柜。,,,,,,,,,,,,
合同问题,2、各个部分用的哪个型号的什么板材，是什么尺寸和款式，环保级别是什么，达不到如何赔偿；,,,,,,,,,,,,
合同问题,3、定下交货、安装时间，和执行的相关标准；,,,,,,,,,,,,
合同问题,4、拖延工期如何赔付，出现差错如何赔付，返工出错如何赔付；,,,,,,,,,,,,
合同问题,5、有特殊的细节要求，也要写明；如什么情况下定制家具是可以退货的，全额还是部分。,,,,,,,,,,,,
合同问题,6、合同中应附有设计图纸和详细数据，特别是精确到每一件家具每一个板材的大小和费用，每项费用清清楚楚，按照合同走。另外，不要付全款！多留尾款才会在后续的沟通中有主动权！,,,,,,,,,,,,
合同问题,合同基本上都是霸王条款，把店家的责任和风险降到了最低。如果都写在合同里，可能绝大部分厂家都不会同意,,,,,,,,,,,,
合同问题,付款方式，我什么都没见到就需要50%，产品出厂前给了80%，尾款20%，整屋定制（不要板材，选的多层实木）动辄好几万，如果最后不满意细节或者做工有问题，店家完全可以不要这几千的尾款啊，业主就没什么保障啊,,,,,,,,,,,,
合同问题,色差问题，我当然知道会有一点点色差，即使是实木也不会从上到下一点不变，可合同里写的因为批次问题，定制家具出现色差不算质量问题，那请问让我挑选色板的意义何在？我要浅色木纹，最后是个深色的也无所谓了，,,,,,,,,,,,,
合同问题,侧视图数据、门板打开方式、颜色信息、配件信息、抽屉信息等等。装修建材采购中都不要轻易被对方带了节奏，每个内容慢慢的仔细看清楚再签字。,,,,,,,,,,,,
合同问题,售后内容也一定要事先说清楚，往往这些商家会以这是“定制”产品，非质量问题可能直接不会给你退换。,,,,,,,,,,,,
合同问题,如果用加厚背板，要加钱？柜子背板因为贴着墙，容易被忽略。但背板很薄肯定影响整体柜子的稳固性。如果你没有把背板的厚度写在合同里，那很可能就会被坑,,,,,,,,,,,,
合同问题,目前柜子的背板规格分为薄厚两种，薄背板的厚度有5mm、9mm两种，而厚背板则与柜体板同厚度，一般为16mm、18mm。,,,,,,,,,,,,
合同问题,你看宜家的背板都薄得跟纸似的，用几年就晃，所以厚的背板稳固性更好，不易变形开裂，影响实用寿命。,,,,,,,,,,,,
合同问题,良心商家选用的背板和抽屉底板一般会全采用18mm加厚板。,,,,,,,,,,,,
榻榻米,发霉的主要原因就是榻榻米是一个封闭的不透气空间，光滑的板材又很容易有冷凝水，这一点原木就好很多。但是原木又不太适合做榻榻米。说到这里多说一句，市面上有很多床采用板材的床板，这种床板也会发霉积水，不要买。,,,,,,,,,,,,
榻榻米,不少人想着除了主卧与小孩房，还能多留一间作为爸妈来访的客房使用。这间客房的面积多半较小，店家通常会鼓吹你做榻榻米：平常能当小孩游戏房、爸妈来的时候能当卧室。但实际情况是，榻榻米使用频率不高，都变成储藏室使用，而且榻榻米下方多做的收纳，放了物品就不会再拿出来！,,,,,,,,,,,,
五金选购,5大类滑轨，做一个总结：,,,,,,,,,,,,
五金选购,1、滚轮式滑轨 是低端主流，可以用在承重要求不高的小抽屉上，虽然长得丑，但性价比很高，更换难度也低。,,,,,,,,,,,,
五金选购,2、钢珠式滑轨 是大众主流，各类抽屉都可以使用，开合顺滑，功能主流，性能完备。但同时钢珠式也是劣质产品的重灾区，不是钢珠式不好，而是劣质的啥都不好。,,,,,,,,,,,,
五金选购,3、托底式滑轨 的主打特点是隐藏，如果你的主要诉求是侧面看不到导轨，可以选择托底式。但托底式并不完美，只是解决方案之一，而且价格更高。,,,,,,,,,,,,
五金选购,4、骑马轨 是五金一体抽屉才会使用的一种导轨，这是一种结构名称，事实上不代表好坏。但实际上，市场表现会更贵。,,,,,,,,,,,,
五金选购,5、木滑轨 的基础是有实木抽屉，且木质不错。虽然木滑轨并没有比金属更好用，但也算别有一番风味吧。,,,,,,,,,,,,
五金选购,选购过程：,,,,,,,,,,,,
五金选购,步骤1：确认是否为滑轨问题如果您家的抽屉变得难用甚至用不了，绝大多数情况都是滑轨用久了，出现了不顺畅导致的。不顺畅，就必须用更大力量抽拉，也就是暴力使用。暴力使用，就会引发滑轨发生变形。变形，会加剧不顺畅。恶性循环。如果柜体和抽屉本体都没什么问题，但抽屉却很难开合，开始准备换滑轨吧。如果连柜体和抽屉本体都坏了，那就不能单单只换滑轨了，整体换吧！,,,,,,,,,,,,
五金选购,步骤2：确认需要更换滑轨的尺寸先解释一下：从这步开始，我都是默认您还打算自己DIY搞定的。如果不是DIY，其实更简单，花钱找个人来看看给换一个就行了。大城市一般是100-200一个，质量不一定好，但你省事了，出钱就好。自己确认滑轨的尺寸，有两个小障碍。,,,,,,,,,,,,
五金选购,第一个障碍，不会换算滑轨的寸和家里抽屉的厘米。其实这个也简单，您就默认一寸等于2.5厘米就好了，所谓10寸，指的就是25厘米，12寸就是30厘米，以此类推。,,,,,,,,,,,,
五金选购,第二个障碍，不知道尺寸和抽屉的对应方法。比如像下这个图，如果您是第一次接触，很容易出现「每个字都认识，但就是看不懂」，但要转换成自家抽屉，还有点费劲,,,,,,,,,,,,
五金选购,步骤3：确认选择何种滑轨，以及是否可以安装上面咱们介绍了5种分类，还记得吧。大部分情况下，木滑轨（实木抽屉）和骑马轨（金属抽屉）都不在考虑范围内。能用就只能用这种，不能用那就怎么也用不了。而滚轮式的比较low，我个人也不怎么推荐您把三节轨换成滚轮的二节轨。至于托底式，贵不贵放一边，您还得检查一下抽屉下方的空间是否足够（上面有图，留3厘米比较保险）。如果空间够，动手能力强的话，也可以考虑。所以，如果原本就是钢珠式三节轨，那么最好还是换同类的钢珠式三节轨,,,,,,,,,,,,
五金选购,而换同类三节轨，您要考虑两个尺寸问题,,,,,,,,,,,,
五金选购,第一个，是轨道厚度。虽然大部分轨道厚度都在1.25厘米左右，但个别可能达到1.3厘米。如果您家之前用的就是偏薄的，那么就只能用薄的了，否则可能塞不进去。如果之前用的是略厚的，那最好也能精准匹配，或者垫上点东西用薄的也可以。,,,,,,,,,,,,
五金选购,第二个，是轨道宽度。这个不用太仔细看，一般不锈钢、冷轧钢的会有区别，但对使用影响不大。,,,,,,,,,,,,
五金选购,步骤4：选购适合您的产品功能同样是钢珠式三节轨，功能各有不同。最简单的，默认为无功能的，通常叫做「静音款」。意思就是，老子别的本事没有，但至少抽拉顺滑，无声无息。高级一点的，是「自锁静音款」。相比普通静音款，在靠近导轨最里侧尽头，多了一个自锁装置。当我们把抽屉推到马上要关闭的状态，抽屉会自动锁死，拉开的时候也要更费力一些。如果没有下一种，这种应该还会有一定市场……比普通自锁更受推崇的，是「阻尼缓冲自锁静音款」。也是静音，也是自锁，但最后一段是在阻尼缓冲下缓慢闭合的。因为即便您用很大力气摔抽屉，最后一段也会匀速关闭，所以很多商家也会把这种结构称为「防夹手」。但我觉得，因为阻尼冲程较短，想要真正防夹手还有难度，千万不要掉以轻心。从左到右，依次是「阻尼缓冲自锁静音款」、「静音款」和「自锁静音款」,,,,,,,,,,,,
五金选购,步骤5：确认柜体和抽屉板状态……说白了，就是要看看你家柜子和抽屉本身还能不能禁得住再来一次拆装。之所以要确认一下，还是和板材本身的素质有关。按照握钉力来排：刨花板（实木颗粒）>大芯板（实木集成）>胶合板（实木多层）>中纤板（纤维密度板）同样一个位置，用刨花板拧几次还能继续用，但密度板可能第二次就变成一个坑，再也抓不住钉了。如果您家的柜子是密度板，而且经过几轮五金件更换，早就被拧成一个坑一个坑，再要换个件恐怕就没那么容易了。步骤6：确认自己有合适的工具……低配主力工具：手动螺丝刀1个高配主力工具：手电钻1个其他辅助工具：盒尺、铅笔、钢尺（可能用）,,,,,,,,,,,,
安装细节,第一，要去工地实景看看细节处理，收边之类，哪怕是大品牌，因为各地代理商实力不一样，安装师傅的质量也不同,,,,,,,,,,,,
安装细节,第二，是不要有完美主义，完美主义找板式家具会抬杠到死，因为最后的收口这些一定没有办法处理到非常极致，可以考虑让做墙面乳胶漆的来处理，会更好一点。,,,,,,,,,,,,
安装细节,板材的安装在购买初期很少人在意，但其实也需要重点关注，安装工人的负责程度会直接影响最后的成品效果,,,,,,,,,,,,
安装细节,除了被划花、磕坏，对于一些需要现场再加工的柜体，工人安装不够上心很容易造成不可逆破坏。,,,,,,,,,,,,
安装细节,定制柜子之前问一下商家是外包工人还是自养工人，外包工人品质难控制，而自养工人能严格控制安装标准，实行责任制，工人一般都很认真负责。,,,,,,,,,,,,
安装细节,安装师傅人员配比与实际安装这种定制衣柜的安装其实说简单不简单，说难其实也不算很难。安装师傅也都是按照说明书像积木一样把衣柜拼起来，安装人数基本决定了安装速度,,,,,,,,,,,,
安装细节,安装过程最好还是有人看一下，设计师最好至少能到场交接；,,,,,,,,,,,,
安装细节,需要切割和边角处理的地方，让他们务必先和你说，我不在的时候师傅现场切割的口子我不愿再提,,,,,,,,,,,,
安装细节,关键在于安装的时候尽量确保一些板材正反面等安装正确，不然打孔之后可能就无法挽回了。,,,,,,,,,,,,
验收标准,看外观检查下家具表面的漆膜是否光滑平顺、是否明亮无气泡、流坠，看下是否有皱纹等质量缺陷，要保证饰面的花纹一致，无明显色差。,,,,,,,,,,,,
验收标准,看工艺家具做的是否细致可以从组合部分看出来，看下每个构件之间的连接是否合理牢固，不能有缝隙、松动情况，抽屉和柜门应该开关灵活。,,,,,,,,,,,,
验收标准,看结构看下家具的结构是否合理，框架是否端正、牢固，可以用手轻轻推一下家具，看是否有摇晃或者异常响动，如果有的话则说明结构不牢固，另外要注意检查一下家具的垂直度,,,,,,,,,,,,
验收标准,看尺寸定制家具在验收的时候不能光看美观度，更应该注重的是实用性，看下家具的尺寸是否符合标准，这关系到在后期使用时是否方便。,,,,,,,,,,,,
验收标准,看配件要检查下配件是否齐全，按照合同上的标准，该有的配件应该配备齐全，如果有问题的话应该跟厂家及时提出。,,,,,,,,,,,,
全屋定制细节问题,第一，见光面的处理，三合一件侧面也可能有五金露出来，要确认好，非嵌入的见光侧面怎么做美观处理。（不能要简单五金件啊,,,,,,,,,,,,
全屋定制细节问题,第二，要问清楚，线条的费用，含不含，怎么算钱什么的，有些人只问了柜体单位均价，结果做完，不好看，要加线条（尤其罗马柱什么的，柱头都是单算钱的），结果严重超预算,,,,,,,,,,,,
全屋定制细节问题,第三，问清楚，是投影面积，还是展开面积报价。如果是投影要问清楚，投影是不是不论怎么设计多少层板，都是这个价格。（此时你也不知道你要做多少层板，层板越多商家成本就越增加，别定金交了他告诉你就只能做多少多少块什么的，虽然一般大厂都不太在乎这个……但是，问清楚的好）,,,,,,,,,,,,
全屋定制细节问题,第四，要问清楚，五金件什么水准的，一个长柜门用几个铰链。五金件有没有数量限制，还是随便怎么设计怎么加都行（因为刚进店笼统报价时是不会有太具体的衣柜规格设计的，超长的大板要用四个以上的铰链才稳定，进口和国产的五金件性能和成本都相差很多，阻尼缓冲和几段力的。性能都有差别的）,,,,,,,,,,,,
全屋定制细节问题,第五，抽屉的价格是怎么计算的，什么品牌五金，抽屉是不是隐形轨道什么的。是不是阻尼的什么的。,,,,,,,,,,,,
全屋定制细节问题,第六，板材，要问清楚，侧板什么板，背板什么板，层板是板，多大的尺寸，多厚的厚度，什么类型的人造板，背板要问清楚是见光面装饰，还是双面装饰，什么品牌的板材，环保级别是什么级别，封边怎么封（封边技术很能体现一个厂的水准，低端的扣线，好点的用封边机，封边机封边分什么技术封边，封边条的质量也参差不齐，好的进口板，激光封边是几乎看不到封边的那条线的），抽屉的底板是什么板（有些商家为了节省成本就会在这种不起眼的角落偷工减料，比如跟你说用的都是18厘的，（实际上不足，例如千年舟的板也就16厘，撑死17，一共就这么几厘，你还给我减一两厘？？？？不过普遍这样，市面上谁家敢保证自己家板肯定足18，我给送膝盖）然后抽屉底板给用薄的，12厘或者9厘的什么的）,,,,,,,,,,,,
全屋定制细节问题,第七，问清楚，两截衣柜，是两个柜体都是单独的，还是。两个柜体共用一个隔板。（共用一个板和独立的，稳定性差一个段位，但是商家节省成本啊，一定问清楚。）,,,,,,,,,,,,
全屋定制细节问题,第八，柜体和墙体之间的收边怎么处理的。（为什么卖场的样板这么好看，但是到你家就好像其实不是一个东西？？其实款式还是那个，但是你想想卖场的是不是基本都是嵌入式的？？？你家的墙柜体是吗？？？卖场的样板把这些极大影响美观的细节问题隐藏或者用心处理的很好，你家的结构你的设计师给你用心处理了吗？？？）,,,,,,,,,,,,
全屋定制细节问题,第九，柜门是什么样的柜门，不同工艺和不同材质的都不一样价格。现在流行一种通顶人造大板，2800高，但是要用拉直器，（进口爱格板不用，实际上，2800的板最高好像也就只能做2780）一定要问清楚这东西有没有，有些材质的板材，不能做的超高（比如普通的只有2440高），也不能做造型（比如爱格板不能做欧式或者美式造型啥的），有些造型只局限某些板材（比如有些美式造型只能用密度板做）。你要问清楚，因为不一样的板材，稳定性，环保性能，握钉力都不一样，价格自然也不同。还有装饰面，是什么面，材质选你喜欢的，能接受价格的，优先你的第一需求的。比如，你第一需求是美观，是实用，还是要稳定什么，环保啊什么的（普通的定制，基本鱼和熊掌不可兼得）,,,,,,,,,,,,
全屋定制细节问题,第十，配套的五金挂件和一些特殊设计用的五金配件是怎么收费的。（例如隐形保险柜，裤架，首饰盒，镜子，折叠凳，隐形化妆凳，隐形床，汽撑柜门什么的）,,,,,,,,,,,,
全屋定制细节问题,第十一，别听销售忽悠，坚守初心。你的定制都是以的你的使用需求出发的，不是销售以为的需求，这是两码事，好些销售，真的不专业。信口胡扯。,,,,,,,,,,,,
全屋定制细节问题,最后，设计的环节，你要把你家长住人口的数量和需求，和设计师沟通好，考虑到自家人的使用习惯。衣物种类的多少。身高胖瘦，等和设计师交代清楚。如果你要后续另外配拉篮，或者移动抽屉之类的（不使用定制品牌的，比如宜家的拉篮物美价廉）要提前看好品种，相关尺寸，数量，告诉设计师，请设计师留好位置。,,,,,,,,,,,,
全屋定制细节问题,五金一定用质量好的，不要在这一块省钱，这是很多业主最容易忽略的问题。我们在定制的时候，一般家具定制商。都会配备标配五金。这也是我们最容易易忽略的细节,,,,,,,,,,,,
全屋定制细节问题,在选择前就要和商家沟通好五金质量问题，不要贪小便宜用次品衣柜五金，否则其他板材再好都用不了多久,,,,,,,,,,,,
全屋定制细节问题,一分钱一分货，有些销售，上来就推荐你低端的，活动的或者畅销的套餐，反正她的目地是为了卖，卖啥都是卖，上来就拿价格低的诱惑你，她根本不关心你的需求的，上来就是问你要什么价位的，但是这些配置除了价位可能比较符合心意，其余的就不一定了。如果一味的接受整套推荐，就失去了定制的意义，你的需求都是个性化的，怎么可能千篇一律，其实，定制没有坑，只有买错没有卖错，你首先要搞清楚你需要什么，能承受什么价位的，然后再到店里问清楚各个级别的情况，选一个适合你的性价比高的。,,,,,,,,,,,,
全屋定制细节问题,别听销售忽悠，坚守初心。你的定制都是以的你的使用需求出发的，不是销售以为的需求，这是两码事，好些销售，真的不专业，信口胡扯,,,,,,,,,,,,
全屋定制细节问题,要与设计师多沟通交流，给设计师提供参考图、当面沟通设计师的效果图。,,,,,,,,,,,,
全屋定制细节问题,如果对方水平一般，不要完全交给设计师，自己要有想法，一起参与设计。,,,,,,,,,,,,
全屋定制细节问题,如果你本身也对设计无感，那么找个口碑好、有审美的全屋定制商家很重要。,,,,,,,,,,,,
全屋定制细节问题,目前市面上所用的板材类型很多，而且同一种板材价格梯度也非常大，目前常用的板材有实木颗粒板，多层实木板、实木这三种材质。注意要区分质量，而且很多小厂生产的板材质量差，封边技术差，达不到一个合格的整体衣柜的要求,,,,,,,,,,,,
全屋定制细节问题,材料以次充好部分商家将其他板材当初是不板材忽悠消费者，一定要仔细辨别，现在很多板材能做到和实木类似的质感，但价格却便宜不少。后背板材做手脚有些小商家就会在“后背板材”上做文章，采用比侧板较薄的板材（一般厚度标准为9mm）有的柜体背板甚至采用劣质的板材，为安全埋下了隐患,,,,,,,,,,,,
全屋定制细节问题,我们应该关注的是板材的品牌，板材才是决定一家环保超不超标的关键，而不是你选择全屋定制的品牌，而且有很很多大品牌也都是找一些板材加工厂做代加工的，还有一些小店价格真的很便宜，我看过最便宜的卖四五百一个投影。,,,,,,,,,,,,
全屋定制细节问题,当咨询板材的问题，商家说我们就是E0级颗粒板，真正哪儿产的基材和环保问题问题却没有得到明确的答复，所以说这里面的水分真的很深，我们更要擦亮眼睛，毕竟家里的柜子都快占地一半了，那么多的柜子如果后期甲醛超标，遭殃的就是我们自己了,,,,,,,,,,,,
全屋定制细节问题,衣柜安装通常分为地板安装前后，前者是是通过下方垫木条切割契合的方法，确实可以做到绝对的顶天立地但往往现场切割较多；大多数定制衣柜通常是选择压在地板上做的，但是就会涉及到地板或墙面不平的问题，通常采用收口条来处理。,,,,,,,,,,,,
全屋定制细节问题,桔家的衣柜反正是没有提供底部调平的方案，他们会告诉你这里就必须使用收口条了，这样才能做到契合。,,,,,,,,,,,,
全屋定制细节问题,了解到这里是不是觉得很多所谓的定制衣柜都有点水，怎么感觉和自己理解的定制有点误差呢。不要问为什么，问就是工艺；真正好工艺的衣柜定制听说可以做到不用收口条达到完美契合。,,,,,,,,,,,,
全屋定制细节问题,收口条不要小看他高度没有多少，但它是按照套餐单价来计算面积的，整体算下来绝对可以赚不小的面积和材料，加上不低的单价这里就能吃到不少的价钱，搞清楚你要的是衣柜而不是收口条。,,,,,,,,,,,,
全屋定制细节问题,这里在桔家淘宝看到买家秀也是大量使用了收口条。当然收口条可能还有更多花样：比如收口条与面积二次计费、收口条材质要与门板统一再次收费等等。,,,,,,,,,,,,
全屋定制细节问题,而且最后收口条也是师傅在场临时切割和调整的，现场切割的效果自然比不了工厂大型机器经不起细究，说实话收口条效果和作用真的很水，个人认为能真正做到没有收口条或尽量少现场切割那才叫高标准。,,,,,,,,,,,,
全屋定制细节问题,1、抽屉不用做太多，一般情况一个卧室里一组衣柜有1—2个抽屉就够用了，除非特殊需求，比如家里有很多手表、领带、项链珠宝等等需要抽屉存放的物品，不然过多的抽屉其实很浪费衣柜空间。,,,,,,,,,,,,
全屋定制细节问题,2、衣柜设计叠不如挂方便好用,,,,,,,,,,,,
全屋定制细节问题,3、个人觉得平开门比推拉门更美观，推拉门使用体感也要差一些，但是衣柜做平开门要求距离离床70公分及以上，否则使用不变。,,,,,,,,,,,,
全屋定制细节问题,4、书柜不要忘记做柜门，玻璃的都行，不建议书柜做开放式。,,,,,,,,,,,,
全屋定制细节问题,5、不是资深红酒爱好者不要定制酒柜，大概率会沦为杂物柜吃灰，资深红酒爱好者公寓型户型也不建议做酒柜，可以买成品酒柜。,,,,,,,,,,,,
全屋定制细节问题,6、护墙板可以在轻质柜体的地方一起定做；,,,,,,,,,,,,
全屋定制细节问题,7、建议鞋柜标配：一个舒适的换鞋凳、一个满足储量的鞋柜、放置物品的台面、辅助的穿衣镜、挂衣钩等。,,,,,,,,,,,,
全屋定制细节问题,8、条件合适定制柜体最好都做到顶，空间利用率会更高。,,,,,,,,,,,,
全屋定制细节问题,硬件配件，大多数定制衣柜有问题，在铰链上，因为门经常打开和关闭，如果铰链质量不好，很容易出现问题，装饰最好选择不锈钢，纯铜液压阻尼铰链，最好选择大品牌，如果你节省装饰，背后有很多麻烦。,,,,,,,,,,,,
全屋定制细节问题,衣柜板，柜体选用18mm厚的实木颗粒板，横截面要均匀，握钉力也要强，以防止压力变形。,,,,,,,,,,,,
全屋定制细节问题,做工要精致，柜子承重力大的地方要用螺丝钉固定，要做到无缝连接，可以用灯照连接，透光越少，做工越好。,,,,,,,,,,,,
全屋定制细节问题,看看测试报告。正规的衣柜制造商在材料选择上有甲醛质量检验报告。不要考虑那些说他们的橱柜不含甲醛的人。因为定制衣柜不可能达到0甲醛，所以在购买前一定要仔细阅读测试报告。,,,,,,,,,,,,
全屋定制细节问题,1.封边机器越好，甲醛越少？封边是为了解决板材美观问题和质量，并不是把甲醛封在里面了。甲醛释放是有周期的，而且再好的封边板材上也会开孔。,,,,,,,,,,,,
全屋定制细节问题,2.激光封边是质量最好的封边？激光封边是最贵的封边，但不是越贵就一定越好，激光封边和EVA封边一样是可逆的，在极端环境下存在脱边，而PUR封边是不可逆的，激光封边封边效果最好是最美观的封边，pur才是质量最好的封边。,,,,,,,,,,,,
全屋定制细节问题,3.用胶量越少就一定越环保？决定板材环保的因素除了基材的好坏还有一点就是胶水的好坏，好的胶水甲醛释放量微乎其微，所以选择板材除了问清楚基材，还需要了解胶水好坏。,,,,,,,,,,,,
全屋定制细节问题,4.计价方式展开面积比投影面积划算？展开面积的计价是把板材拆成一块块来计算，商家算的方式99%客户都看不懂，而投影面积虽然看上去一平贵很多，但是投影面积是不限制内部设计的，投影面积自己都可以算价格。,,,,,,,,,,,,
全屋定制细节问题,5.背板9mm就比5mm要好？在全屋定制设计里，需要受力的地方都默认18mm背板，其余用5或者9的都是不需要受力用的是薄背板，薄背板的卡槽结构还可以有效防潮。还有大部分9毫米背板是颗粒板，而在多层板里面用的是5毫米的多层板背板。,,,,,,,,,,,,
全屋定制细节问题,6.大品牌用的板材比小品牌要好？其实所有的大小品牌的定制都是用的板材品牌提供的板材，比如万华、博耐克等，都是板材的品牌，它们会提供板材给大小工厂来进行加工售卖，就是可以说大品牌有更加完善的销售和加工系统，但是板材大家都一样。,,,,,,,,,,,,
全屋定制细节问题,7.我们的板材是0醛板、无醛板、除醛板？首先可以肯定的是目前板材都有甲醛的，即使是现在很火的MDI胶水和各种国际认证，认证的也只是基材，除了基材还有饰面，除了饰面还有封边，所以说不存在无醛板。,,,,,,,,,,,,
全屋定制细节问题,8.环保级别越高，板材就越好？我个人观点：决定板材质量的有四个要素：承重性、握钉力、饰面纸、环保。环保是其中一个很重要的因素，但是我觉得不是唯一的，板材的好坏除了环保，质量也非常重要的。,,,,,,,,,,,,
全屋定制细节问题,9.套餐价格最优惠？网上有个段子这样说的：活动价19800，交完定金量完尺39800，最后付了69800，因为套餐里面限制了花色和五金，又不会刚那么多面积，超出之后又很贵。,,,,,,,,,,,,
全屋定制细节问题,10.同等板材就是同等价格？一个定制店面哪怕是板材五金都是一模一样的，成本也不一定一样，因为涉及到不同的店面、不同的设计师、不同的安装师傅、不同的售后系统，甚至不同的老板是的格局。好的老板不计成本都会做好售后。湖北诺兮高定 全屋定制避坑指南,,,,,,,,,,,,
全屋定制细节问题,1、【颜色确认】,,,,,,,,,,,,
全屋定制细节问题,柜体和柜门通常是不一样的板材，颜色会有区别，不同区域柜子配色也不同，虽然我家就只有白色和原木色两种，但就颜色我也跟老板确认了好几次！最终依然有做错的！比如悬浮书桌的抽屉面板默认给我做成了白色，但我要求是原木色，不过老板态度很好马上给我重做，所以大家前期一定要沟通好最好留下文字记录！,,,,,,,,,,,,
全屋定制细节问题,2、【顶封板、底封板内置】,,,,,,,,,,,,
全屋定制细节问题,一门到顶的精髓就是没有上下封板，一旦外露了视觉上就没那么极简，我家所有柜子的顶封板都内置在柜门后面,,,,,,,,,,,,
全屋定制细节问题,3、【顶封板颜色和柜门同色】,,,,,,,,,,,,
全屋定制细节问题,并不是隐藏顶封板就万事大吉了！就算是一门到顶，柜门在顶部和底部都会留缝隙避免和吊顶地面摩擦。比如顶封板是原木色，柜门是白色的话，从外面会看到里面的顶封板，影响视觉效果！,,,,,,,,,,,,
全屋定制细节问题,4、【门板上下缝隙控制好】,,,,,,,,,,,,
全屋定制细节问题,缝隙太大不好看，太小可能会被射灯、空调回风口挡住，或是吊顶下沉导致柜门无法打开，所以在安装柜门的时候不仅要考虑美观度，也要考虑灯的厚度。,,,,,,,,,,,,
全屋定制细节问题,5、【补条要窄】,,,,,,,,,,,,
全屋定制细节问题,全屋定制都是在刮完腻子乳胶漆之后安装，那时候墙已经定型，但每家都有墙不直的情况，缝隙过大就需要加补条，补条宽度尽可能窄，最好控制在18mm左右，弱化存在感。,,,,,,,,,,,,
全屋定制细节问题,6、【见光板和柜门颜色统一】,,,,,,,,,,,,
全屋定制细节问题,见光板除了侧板，也包括吊柜底部，和柜门颜色统一才不突兀，很多原木风翻车其实都是因为见光板做了原木色而柜门又是白色。,,,,,,,,,,,,
全屋定制细节问题,1、水电阶段保留好水电布局照片，在全屋定制安装阶段提供给师傅，避免安装过程中钻到了管道和线路。,,,,,,,,,,,,
全屋定制细节问题,2、所有嵌入式电器，比如洗碗机、燃气灶、油烟机、洗烘机、扫拖机器人的型号要提前定下来，尺寸提供给全屋定制，方便留位置也方便柜子开孔。,,,,,,,,,,,,
全屋定制细节问题,3、提前确定好水槽是用台上盆还是台下盆，避免后期返工。,,,,,,,,,,,,
全屋定制细节问题,4、玄关柜、衣柜、储物柜等需要灯带的地方，在水电施工时留好电线。,,,,,,,,,,,,
全屋定制细节问题,5、生产前确定好柜门是用反弹器、暗装拉手还是明装拉手。,,,,,,,,,,,,
全屋定制细节问题,6、提前规划好什么东西放哪里，自己设计柜子格局，只有自己最熟悉自己的生活习惯。,,,,,,,,,,,,
全屋定制细节问题,7、上柜和下柜之前至少要有10mm的深度差，以免撞头。,,,,,,,,,,,,
橱柜注意事项,1、石英石台面，所先看颜色是不是当初选定的颜色，用硬的利器在台面上测试一下效果；还有一点就是台面接口是否细，不要接的中间一条线很粗，越细越好。,,,,,,,,,,,,
橱柜注意事项,2、地柜和吊柜安装好之后用力摇一摇，看是否有松动，安装是否连接的牢固。地柜要在没安装台面之前摇一摇，施工安装现场有水平尺，在地柜安装好之后，可以用水平尺测量一下，看地柜是否是水平，不要安装成斜度。石英石台面是15mm厚，如果板材是免费的，最好台面下面再垫一整块16mm防潮板（或大芯板）。,,,,,,,,,,,,
橱柜注意事项,3、台面安装好之后，后档水会打上白色玻璃胶，要看一下，白色（防霉）玻璃胶是否质量可靠。,,,,,,,,,,,,
橱柜注意事项,4、水盆柜底板要有防水铝泊，水盆柜安装好之后，要在水盆柜内部空隙打上透明玻璃胶加强防水。记好一定要透明玻璃胶，白色玻璃胶见水时间长的话，差的会发酶。台面也一样，所以要用好的白色玻璃胶。,,,,,,,,,,,,
橱柜注意事项,5、水盆要放满水测试是否漏水，最主要是水盆下面接管要接好，因为下水管管径不大，长时间留杂质会发霉，会堵住下水。6、门板要仔细看看每片正反面，是否有刮花或颜色不一致等现象。,,,,,,,,,,,,
橱柜注意事项,7、门铰要有6个螺丝孔，安装时看一下，安装好之后抓住门摇一摇是否有松动，螺丝没调紧，门会松动或时间长会掉下来。,,,,,,,,,,,,
橱柜注意事项,8、所有门装好之后，检查所有的门安装的是否平齐，不要装的凹凸不平，很难看的。拉手安装的是否有松动。,,,,,,,,,,,,
橱柜注意事项,9、门板和屉面的上下、前后、左右分缝也要均匀一致。中间缝隙约3mm左右＞3mm太大很难看。,,,,,,,,,,,,
橱柜注意事项,10、判断橱柜安装的是否合格主要看两个方面，即边缘封边和接缝。边缘包括：柜体边缘、门板边缘，以及台面边缘；接缝包括：柜体接缝、门缝、台面与柜体接缝、台面与墙体接缝，以及台面与灶具、水槽的接缝等。,,,,,,,,,,,,
橱柜注意事项,11、抽油烟机安装应保持水平，牢固固定在墙面或连接板上，不得松动或抖动；烟机底部与台面中间距离为700mm，太高会影响抽烟效果。,,,,,,,,,,,,
橱柜注意事项,12、安全是很重要的。所以所有抽屉和拉篮，应抽拉自如，无阻滞，还有所有柜外露的锐角必须磨钝，金属件在人可触摸的位置要砂光处理，不允许有毛刺和锐角。,,,,,,,,,,,,
橱柜注意事项,13、吊柜，底柜要相对水平，板材没有蹦边，掉角。打开柜子门把头伸进去闻一下有没有什么味道。差的板材味道很重。,,,,,,,,,,,,
橱柜注意事项,14、正规的安装现场要讲究文明施工。施工前要清理现场，清除杂物；在施工中也要注意保护产品和现场，及时清理垃圾，不得让锯屑和烟尘满天飞，更不得打开客户的抽油烟机抽取烟尘；最后安装完毕，则要清理柜体中的锯屑和灰尘，然后清理柜体外表和台面，最后清理现场，收集包装物及施工后留下的垃圾，并带走。,,,,,,,,,,,,
橱柜注意事项,15、最后电器就是插上电源测试，看是否工作正常。,,,,,,,,,,,,
橱柜注意事项,厨房整个空间的基础设施已经做完。（墙砖，地砖，吊顶）,,,,,,,,,,,,
橱柜注意事项,要把安装橱柜的地方收拾干净（所指地面）； ,,,,,,,,,,,,
橱柜注意事项,如果家里已经把灯装好了的，请将灯罩起来，以防止安装橱柜台面的时候灰尘过大；（特别是客厅的水晶灯） ,,,,,,,,,,,,
橱柜注意事项,通知自己所购买厨房电器上门；（如果你家上午装完柜子那么下午就可以叫电器商过来送货以及安装了，如 果您家的橱柜数量比较多那就要看工人安装的速度了） ,,,,,,,,,,,,
橱柜注意事项,通常橱柜电器的安装是先装烟机再装炉台；炉台后装是因为台面是最后装的。烟机先装是因为有的烟机要在橱柜上面开孔以及定中心位置的。,,,,,,,,,,,,
橱柜注意事项,吊顶通常是在橱柜安装前就已经装好了，涉及到的烟管孔的位置及烟机伸缩软管都是提前做好。 ,,,,,,,,,,,,
橱柜注意事项,在安装台面的时候尽量把离厨房地的位置做一个保护，以免安装时灰尘大踩脏了。 八：谨记不要让台面师傅在现场开孔，这样家里的灰尘很大。,,,,,,,,,,,,
橱柜注意事项,1、问柜体板材是什么的，有全铝、304不锈钢、颗粒板的；价格按延米计算还是分开计算；我们因为预算限制选择的颗粒板，颗粒板需要关注颗粒板品牌和环保等级，具体可见上一篇全屋定制笔记。,,,,,,,,,,,,
橱柜注意事项,2、封边【激光封边>pur>eva，最好别选eva】。,,,,,,,,,,,,
橱柜注意事项,3、背板厚度：问到的有5mm、9mm、18mm，如果是5mm，加厚到18mm多少钱。,,,,,,,,,,,,
橱柜注意事项,4、石英石台面下柜子里顶上的顶板【有的是铝板、pvc板，柜体板材板，有的是几根撑着的龙骨，铝板是最好的但价格也贵，其他的只知道有这个区分，但不太确定优缺点】。,,,,,,,,,,,,
橱柜注意事项,5、石英石台面有多厚，一般是20mm，问到的商家也有很多是15mm的，最好是20mm的。,,,,,,,,,,,,
橱柜注意事项,6、台面石英的含量，问到的一般是93%-96%之间的，含量越高表示硬度越高，至少要在93%以上。,,,,,,,,,,,,
橱柜注意事项,7、地柜、吊柜标准做多高，中间一般空70cm，根据厨房吊顶后的层高计算下吊柜上面是否需要顶封板或者加高吊柜。【确认下地柜下面的踢脚板和吊柜上的顶封板是否需要加钱，如果加高吊柜到顶怎么计算】。,,,,,,,,,,,,
橱柜注意事项,8、见光板：见光板与门板同色怎么计算价格，如果门板和柜体板颜色用一种是不是就不需要计算见光板了。,,,,,,,,,,,,
橱柜注意事项,9、台下盆工艺费多少：一般300-500左右，有的品牌还有800的，也有问到给送的。,,,,,,,,,,,,
橱柜注意事项,10、五金：常见的进口的有海蒂诗、百隆，国产的有悍高、DTC、乐卡等，说是进口的比较好，重点问下标配的有没有阻尼，问到有少数商家加阻尼还要单独算钱。,,,,,,,,,,,,
橱柜注意事项,11、包管：有的按一处几百计算（一般200到300一处），有的按包管用的板材的展开面积计算的。,,,,,,,,,,,,
橱柜注意事项,12、隐形拉手：内嵌式拉手多少钱一米，问到的价格有一二百块钱每米，也有的是包含的【只有地柜需要，吊柜门板加长就行】。,,,,,,,,,,,,
橱柜注意事项,13、一体式挡水条：问到的价格一二百块钱每米，但是好多商家说做一体式挡水条会把石英石表面的保护层磨损了反而会不太好，我也不知道了。,,,,,,,,,,,,
橱柜注意事项,14、质保：柜体质保5年以上、五金质保终身。,,,,,,,,,,,,
橱柜注意事项,15、根据尺寸看有没有合适的套餐，套餐比单独按延米计算一般会便宜些，但是也要合计了上面的加项价格加起来算总价。,,,,,,,,,,,,
橱柜注意事项,16、合计完后再看下套餐里包含的柜体、门板、石英石的颜色自己是否有相中的，如果没有喜欢的颜色可能还要加钱选颜色。,,,,,,,,,,,,
橱柜注意事项,17、一般都没有设计费、上门费、安装费等其他费用，不过最好问一嘴。,,,,,,,,,,,,
橱柜注意事项,1.欧铂丽橱柜：全是颗粒板5999套餐，超出一米999，吸塑1600、超晶1699每米、烤漆的忘记了。台面2厘米，台下盆。开槽费200元、免安装费、开灶免费、顶封板没有另外收费。收取非标费1.5倍计算（比如台面标准60厘米宽1000元一米，做40宽按1.5米计价，店里橱柜标准尺寸是60、50 、35可选）。抽屉只有带阻尼380一个包滑轨（还价到280）、三节轨280、托底抽580。铰链免费，东泰牌子打欧铂丽商标、304不锈钢。落地式洗碗机会扣掉洗碗机尺寸后计费。高低台要另外收费，一米加收110元。橱柜都是做隐形拉手，包管费、切角费和见光板都是有收费的，我杂七杂八这些费用销售给我计算了总计700左右。板材1.6厘米，背板3毫米。,,,,,,,,,,,,
橱柜注意事项,2.伊百利橱柜：地柜多层板1600每米 、吊柜1400元每米，免费配两个抽屉、加一个也是两百多。,,,,,,,,,,,,
橱柜注意事项,3.百得胜橱柜：石英石2厘米厚、套餐6999元:3米地柜、3米台面、1米吊柜（吊柜超出680每米，地柜+台面超出1860元每米）,,,,,,,,,,,,
橱柜注意事项,4.欧派橱柜： 一米最便宜1900，吓到我这个穷人了，就没继续问。,,,,,,,,,,,,
橱柜注意事项,5.金牌橱柜：橱柜板厚1.8厘米 ，超出1299一米地柜、1299吊柜、台面1399起，套餐6999（三三一 ），台面石英石1.5厚度，高低台面可免费。 柜体柜门吊柜颗粒板。拉篮一千多两千多，铰链海蒂诗。,,,,,,,,,,,,
橱柜注意事项,6.莫恩橱柜 ：柜体生态板、柜门大亚欧松板1380，柜体柜门全部欧松板1580。背板18。见光板另外收费。,,,,,,,,,,,,
橱柜注意事项,7.顶固轻奢定制：橱柜全部颗粒板，吊柜地柜980元、台面岩板1380 元每米， 2厘米厚 。,,,,,,,,,,,,
价格体系,目前市面上，整体衣柜抽屉的单价在160~220元之间，抽屉越多，费用也跟着水涨船高。衣柜的销售人员提醒业主，通常情况下，衣柜的抽屉只需2~3个即可，因此建议业主注意适量安装。除了抽屉，我们也可以考虑用透明收纳盒代替，收纳盒组合灵活，按需设置，收纳盒价格一般在15元/个左右，10个收纳盒比一个抽屉都还便宜哦！,,,,,,,,,,,,
价格体系,抽屉是否是品牌五金，抽屉的性能例如隐形轨道，阻尼会影响抽屉的价格,,,,,,,,,,,,
价格体系,抽屉可以买成品的抽屉。短衣挂衣区需要1米左右，长衣挂衣区需要1.4米左右。家用涂装并不太建议用木蜡油，对于大部分木材，木蜡油 涂装会容易产生木质纤维毛刺。后期打理比较麻烦。,,,,,,,,,,,,
价格体系,配套的五金挂件和一些特殊设计用的五金配件是怎么收费的,,,,,,,,,,,,
价格体系,例如隐形保险柜，裤架，首饰盒，镜子，折叠凳，隐形化妆凳，隐形床，汽撑柜门什么的,,,,,,,,,,,,
价格体系,五金件的性能决定价格，进口的和国产的五金件性能和成本相差很多,,,,,,,,,,,,
价格体系,报价时不会有太具体的衣柜规格设计，超长的大板要用四个以上的铰链才稳定，一个长柜门要用几个铰链，五金件有没有数量限制,,,,,,,,,,,,
价格体系,报价不放心的，最好是要一份，虽然基本也看不懂，但是还是可以探讨一下。然后是合同，下单的颜色、款式都要确认清楚，并且最好对接的销售或设计师也要有经验一些，这样会比较好办，后期坑的概率比较小。,,,,,,,,,,,,
价格体系,其实坑倒真的是谈不上，推荐的方式就是先去实体店逛逛看看款式价位，然后网上看看活动，比较—下，挑两三家觉得不错的让上门测量一下，现在都有提供免费测量，最后等方案确认，谈总价就好了，大部分都还是可以砍砍价的，当然大品牌空间比较少，尽量讲讲，不行就看哪场活动全面觉得划算，毕竟砍价也是一门艺术，懂的人也没有那么多。主要还是看自己的接受能力，能按想定的那个品牌最优的价格去做，就是最理想状态了，不同品牌可比性也不是非常高。,,,,,,,,,,,,
价格体系,衣柜的缓冲导轨可以避免避免推拉衣柜、抽屉时发出“啪啪”的声响，在一定程度上，也可以延长衣柜的寿命使用。但是，缓冲导轨的价钱也得额外计算。,,,,,,,,,,,,
价格体系,建议：普通衣柜的导轨，不带缓冲功能单价在160~180元/个，若是带有缓冲功能的导轨，则需要220元/个以上，缓冲导轨越多，价位越高。若想节约开支，业主在使用衣柜时，轻度推拉即可。,,,,,,,,,,,,
价格体系,错误心理：衣柜的层板越多就越实用，所以这样数量增加一倍以上，费用也就增加了。,,,,,,,,,,,,
价格体系,定制衣柜的小板单价在70~80元/块，大板需200元/块左右，层板越多，价位越高。拉斐尔衣柜建议，通常情况下衣柜需小板4~6块，大板3~4块即可。,,,,,,,,,,,,
价格体系,整体衣柜的推门种类繁多，其中纯板叶推门仅需900元/平方米左右，加了腰线的板叶推门则要1200元/平方米以上，亮光的推门价格为1100~1300元/平方米，亚光推门1300~1550元/平方米。推门装饰越花俏，价格也越高，若每平方增加一两百元，最后的总价就会高出几百甚至上千元。,,,,,,,,,,,,
价格体系,现在商家搞活动价格看似很低很有诱惑力，一定要看用的什么板材，什么五金。,,,,,,,,,,,,
价格体系,其实做套餐本身没有问题，但是套餐是不是适合我们自己的需求是得我们自己判断的，一个看起来很划算的套餐可能有着非常多的限制条件，满足限制条件难以做出想要的效果，按自己喜欢的效果来那价格可能噌噌噌就上去了。,,,,,,,,,,,,
价格体系,想要突破套餐中柜门和柜体限定的花色想要增加套餐中标配的背板厚度想要升级套餐中标配的五金品牌想要用隐形拉手或超长拉手，想要增加抽屉数量或增大尺寸,,,,,,,,,,,,
价格体系,以上这些都是需要加钱的。,,,,,,,,,,,,
价格体系,套餐能做的基本就是最普通的柜子（正常尺寸+方方正正+正常板材柜门+普通长度拉手），拿你想要的风格跟这种柜子比较，不一样的地方就有加价的可能（比如超厚或超薄柜+异型转角+玻璃门或开放格+隐形拉手），发现不同点之后就勇敢地问吧，问了不吃亏，但不问可能是要上当的,,,,,,,,,,,,
价格体系,没特殊情况千万不要买套装，除非你在买套餐之前搞懂你买的套餐都包含了什么。否则一旦出现问题，他们会说：哎呀，你这个本来就是赠送的，怎么给你退钱嘛。比如衣柜阻尼用不了的问题，店长说，阻尼本来就是送的啊，你看我们明细里面根本没有收你的钱。我就想知道了，这些大品牌一没设计二没服务三没设计，花几万块钱买的真的就是几块破板子吗,,,,,,,,,,,,
价格体系,颜色说的有二十多种，结果是柜门几个颜色，柜体几个颜色，背板几个颜色,,,,,,,,,,,,
价格体系,在谈套餐和套餐内容的时候，那些销售人员一定会有意的规避或者提起上面的很多环节，而是会选择那些他们有吸引力的方面对你进行洗脑，引导你提交定金赶紧确认下来；这个时候你一定要慎重考虑清楚，和问清楚柜子相关的各种细节，没有什么是不可以谈的，只有把各种都讲清楚了，落实在订单之上才是交定金的时候。,,,,,,,,,,,,
价格体系,虽然我们不喜欢什么套餐，里面暗藏各种套路，但现实上你不按套餐走他的单价可能更贵，有时候的无奈就是明知道前面是坑，但你也只能选一个跳，大小而已。,,,,,,,,,,,,
价格体系,既然是套餐下单，那么就意味着肯定有超过套餐的部分的价格如何计算，这个部分往往决定了坑的大小。,,,,,,,,,,,,
价格体系,我的套餐内容我也不知道准确版本是什么了，因为说出来你可能不信，在红星美凯龙品牌店里交付定金，最后居然没给我详细内容的订单，我不知道是故意还是忘记，定金收款只给了一个收据，反正后来让他们出示或补，对方也一直没给我们明确的套餐内容和订单。这里的一个大意就为后面的大坑埋下了伏笔，因为套餐内容他可以翻脸不认或者自己决定，所以第一个坑就来了，后面我们再细细说。,,,,,,,,,,,,
价格体系,没过多久就出现了对口头承诺翻脸不认的情况：当初和我们说是榻榻米是按榻榻米原本的套餐价格单独计算的。后面一直在那哭穷，这单不赚钱什么的，榻榻米要和蔻蔻这个系列一并计算面积计算价格，我和老婆有时候就是太好说话和太善良了，也就不去和他们计较和翻脸这个面积了，实际上榻榻米使用的面积乘以两系列产品的差价他们就立马赚了几千块。,,,,,,,,,,,,
